2018-04-09 18:46:55.721698,UP-NW_UNW627_V1_C,0,42.31706619262695,-88.4474868774414
2018-04-09 18:46:55.730718,MD-W_MW2227_V1_C,540,42.05701446533203,-88.2976303100586
2018-04-09 18:46:55.739741,UP-W_UW56_V1_C,0,41.88817596435547,-87.64095306396484
2018-04-09 18:46:55.749848,NCS_NC109_V1_C,240,42.322139739990234,-88.0207290649414
2018-04-09 18:46:55.757819,UP-W_UW45_V1_C,0,41.881675720214844,-88.30635833740234
2018-04-09 18:46:55.765808,MD-N_MN2146_V1_C,360,41.88846206665039,-87.6855239868164
2018-04-09 18:46:55.771876,MD-N_MN2129_V1_C,240,42.33200454711914,-88.03899383544922
2018-04-09 18:46:55.778842,UP-NW_UNW629_V1_C,480,42.14738845825195,-88.12161254882812
2018-04-09 18:46:55.785935,RI_RI611_V1_C,1380,41.671043395996094,-87.67350006103516
2018-04-09 18:46:55.790879,UP-NW_UNW631_V1_C,120,42.22557067871094,-88.27833557128906
2018-04-09 18:46:55.796963,HC_HC917_V1_C,600,41.637725830078125,-88.04931640625
2018-04-09 18:46:55.803908,MD-N_MN2131_V1_C,0,42.286251068115234,-87.9332504272461
2018-04-09 18:46:55.809952,UP-NW_UNW633_V1_C,240,42.11262893676758,-88.04793548583984
2018-04-09 18:46:55.816943,BNSF_BN1253_V1_C,300,41.79561233520508,-88.00914764404297
2018-04-09 18:46:55.824021,MD-W_MW2231_V1_C,180,41.99932098388672,-88.21126556396484
2018-04-09 18:46:55.831052,RI_RI413_V1_C,180,41.51462936401367,-87.96427917480469
2018-04-09 18:46:55.838071,RI_RI303_V1_C,60,41.578224182128906,-87.77760314941406
2018-04-09 18:46:55.844082,MD-W_MW2233_V1_C,60,41.989288330078125,-88.11801147460938
2018-04-09 18:46:55.851085,UP-NW_UNW635_V1_C,180,42.126312255859375,-88.07846069335938
2018-04-09 18:46:55.857129,UP-W_UW47_V1_C,120,41.87115478515625,-88.16181182861328
2018-04-09 18:46:55.863124,SWS_SW825_V1_C,0,41.669761657714844,-87.81966400146484
2018-04-09 18:46:55.870085,RI_RI613_V1_C,540,41.69875717163086,-87.66983032226562
2018-04-09 18:46:55.876171,BNSF_BN1259_V1_C,120,41.78755187988281,-88.1131362915039
2018-04-09 18:46:55.883119,ME_ME705_V1_C,0,41.49742889404297,-87.70309448242188
2018-04-09 18:46:55.889136,NCS_NC118_V2_C,0,42.143226623535156,-87.93006896972656
2018-04-09 18:46:55.891169,UP-N_UN341_V1_C,60,42.22028350830078,-87.82327270507812
2018-04-09 18:46:55.898160,UP-W_UW49_V1_C,120,41.875938415527344,-88.06854248046875
2018-04-09 18:46:55.901168,MD-W_MW2246_V1_C,120,41.96454620361328,-87.98123168945312
2018-04-09 18:46:55.908186,UP-N_UN343_V1_C,240,42.1307487487793,-87.75420379638672
2018-04-09 18:46:55.914201,MD-W_MW2235_V1_C,0,41.97721481323242,-88.04560852050781
2018-04-09 18:46:55.916208,RI_RI415_V1_C,120,41.611236572265625,-87.73030853271484
2018-04-09 18:46:55.922223,ME_ME505_V1_C,180,41.674278259277344,-87.63179779052734
2018-04-09 18:46:55.928594,UP-NW_UNW639_V1_C,180,41.893287658691406,-87.64756774902344
2018-04-09 18:46:55.936261,UP-W_UW51_V1_C,120,41.8964729309082,-87.97652435302734
2018-04-09 18:46:55.942278,BNSF_BN1265_V1_C,180,41.810909271240234,-87.89341735839844
2018-04-09 18:46:55.949295,UP-N_UN345_V1_C,180,42.06912612915039,-87.70250701904297
2018-04-09 18:46:55.955337,SWS_SW827_V1_C,0,41.746463775634766,-87.70684051513672
2018-04-09 18:46:55.961328,MD-N_MN2135_V1_C,180,42.097938537597656,-87.81587219238281
2018-04-09 18:46:55.966341,UP-W_UW53_V1_C,240,41.89015579223633,-87.85513305664062
2018-04-09 18:46:55.972403,RI_RI615_V1_C,360,41.73223876953125,-87.65917205810547
2018-04-09 18:46:55.978437,BNSF_BN1288_V1_C,0,41.795509338378906,-88.01612854003906
2018-04-09 18:46:55.981506,MD-N_MN2148_V1_C,120,41.981407165527344,-87.75724792480469
2018-04-09 18:46:55.989446,RI_RI524_V1_C,0,41.57654571533203,-87.7816390991211
2018-04-09 18:46:55.995418,ME_ME407_V1_C,0,41.762508392333984,-87.56324768066406
2018-04-09 18:46:56.003467,ME_ME334_V1_C,0,41.83143615722656,-87.60719299316406
2018-04-09 18:46:56.012522,UP-N_UN347_V1_C,120,42.04167938232422,-87.68205261230469
2018-04-09 18:46:56.020484,ME_ME707_V1_C,120,41.651126861572266,-87.62091827392578
2018-04-09 18:46:56.028536,UP-N_UN350_V1_C,180,42.047401428222656,-87.68437194824219
2018-04-09 18:46:56.036530,MD-N_MN2137_V1_C,180,42.03903579711914,-87.787109375
2018-04-09 18:46:56.038564,MD-W_MW2237_V1_C,120,41.95174026489258,-87.91397094726562
2018-04-09 18:46:56.047630,ME_ME737_V1_C,120,41.678306579589844,-87.61382293701172
2018-04-09 18:46:56.049592,UP-NW_UNW643_V1_C,0,42.02794647216797,-87.86322784423828
2018-04-09 18:46:56.058586,RI_RI417_V1_C,120,41.65590286254883,-87.67633056640625
2018-04-09 18:46:56.067610,UP-W_UW58_V1_C,0,41.87936019897461,-88.19384765625
2018-04-09 18:46:56.076664,BNSF_BN1269_V1_C,0,41.811187744140625,-87.89187622070312
2018-04-09 18:46:56.086717,ME_ME757_V1_C,0,41.69043731689453,-87.61113739013672
2018-04-09 18:46:56.095684,UP-NW_UNW645_V1_C,60,41.97351837158203,-87.76705932617188
2018-04-09 18:46:56.104708,BNSF_BN1267_V1_C,180,41.79974365234375,-87.94271850585938
2018-04-09 18:46:56.110802,MD-W_MW2239_V1_C,120,41.933082580566406,-87.84552764892578
2018-04-09 18:46:56.117743,HC_HC919_V1_C,0,41.805320739746094,-87.77892303466797
2018-04-09 18:46:56.124762,MD-W_MW2241_V1_C,0,41.91664505004883,-87.774169921875
2018-04-09 18:46:56.134788,ME_ME337_V1_C,120,41.81825637817383,-87.59730529785156
2018-04-09 18:46:56.144816,UP-NW_UNW658_V1_C,120,42.35932159423828,-88.50434112548828
2018-04-09 18:46:56.153870,MD-N_MN2141_V1_C,0,41.93183517456055,-87.73149871826172
2018-04-09 18:46:56.162921,UP-NW_UNW647_V1_C,180,41.93648147583008,-87.7016372680664
2018-04-09 18:46:56.170917,NCS_NC115_V1_C,120,41.916473388671875,-87.78025817871094
2018-04-09 18:46:56.180911,BNSF_BN1271_V1_C,60,41.831783294677734,-87.80023193359375
2018-04-09 18:46:56.190003,ME_ME236_V1_C,60,41.67408752441406,-87.64313507080078
2018-04-09 18:46:56.199034,UP-W_UW55_V1_C,60,41.887691497802734,-87.74726867675781
2018-04-09 18:46:56.207060,UP-N_UN349_V1_C,60,41.93722915649414,-87.67359161376953
2018-04-09 18:46:56.216006,UP-N_UN352_V1_C,180,42.13444519042969,-87.75724029541016
2018-04-09 18:46:56.225028,RI_RI617_V1_C,60,41.80336380004883,-87.62864685058594
2018-04-09 18:46:56.234058,RI_RI419_V1_C,120,41.849735260009766,-87.62992095947266
2018-04-09 18:46:56.245093,ME_ME136_V1_C,60,41.496341705322266,-87.7034912109375
2018-04-09 18:46:56.256170,ME_ME709_V1_C,60,41.85334014892578,-87.6176986694336
2018-04-09 18:46:56.267145,BNSF_BN1273_V1_C,120,41.85836410522461,-87.68368530273438
2018-04-09 18:46:56.277196,UP-N_UN351_V1_C,120,41.8867073059082,-87.64060974121094
2018-04-09 18:46:56.288267,ME_ME739_V1_C,0,41.86798095703125,-87.62140655517578
2018-04-09 18:46:56.298223,SWS_SW836_V1_C,0,41.6160774230957,-87.8719482421875
2018-04-09 18:46:56.309252,SWS_SW829_V1_C,120,41.85554122924805,-87.63717651367188
2018-04-09 18:46:56.319279,ME_ME237_V1_C,0,41.868953704833984,-87.6217269897461
2018-04-09 18:46:56.328306,BNSF_BN1275_V1_C,120,41.86040115356445,-87.63890838623047
2018-04-09 18:46:56.336356,BNSF_BN1257_V1_C,360,41.778133392333984,-88.20745849609375
2018-04-09 18:47:55.722489,UP-NW_UNW627_V1_C,0,42.31706619262695,-88.4474868774414
2018-04-09 18:47:55.740406,MD-W_MW2227_V1_C,540,42.05701446533203,-88.2976303100586
2018-04-09 18:47:55.757414,UP-W_UW56_V1_C,0,41.88817596435547,-87.64095306396484
2018-04-09 18:47:55.768496,NCS_NC109_V1_C,240,42.322139739990234,-88.0207290649414
2018-04-09 18:47:55.778484,UP-W_UW45_V1_C,0,41.881675720214844,-88.30635833740234
2018-04-09 18:47:55.787491,MD-N_MN2146_V1_C,360,41.88846206665039,-87.6855239868164
2018-04-09 18:47:55.796511,MD-N_MN2129_V1_C,240,42.33200454711914,-88.03899383544922
2018-04-09 18:47:55.804533,UP-NW_UNW629_V1_C,480,42.14738845825195,-88.12161254882812
2018-04-09 18:47:55.814563,RI_RI611_V1_C,1380,41.671043395996094,-87.67350006103516
2018-04-09 18:47:55.816636,UP-NW_UNW631_V1_C,120,42.22557067871094,-88.27833557128906
2018-04-09 18:47:55.825592,HC_HC917_V1_C,600,41.637725830078125,-88.04931640625
2018-04-09 18:47:55.833704,MD-N_MN2131_V1_C,0,42.286251068115234,-87.9332504272461
2018-04-09 18:47:55.841712,UP-NW_UNW633_V1_C,240,42.11262893676758,-88.04793548583984
2018-04-09 18:47:55.847674,BNSF_BN1253_V1_C,300,41.79561233520508,-88.00914764404297
2018-04-09 18:47:55.854665,MD-W_MW2231_V1_C,180,41.99932098388672,-88.21126556396484
2018-04-09 18:47:55.860708,RI_RI413_V1_C,180,41.51462936401367,-87.96427917480469
2018-04-09 18:47:55.872714,RI_RI303_V1_C,60,41.578224182128906,-87.77760314941406
2018-04-09 18:47:55.884809,MD-W_MW2233_V1_C,60,41.989288330078125,-88.11801147460938
2018-04-09 18:47:55.895850,UP-NW_UNW635_V1_C,180,42.126312255859375,-88.07846069335938
2018-04-09 18:47:55.907012,UP-W_UW47_V1_C,120,41.87115478515625,-88.16181182861328
2018-04-09 18:47:55.915885,SWS_SW825_V1_C,0,41.669761657714844,-87.81966400146484
2018-04-09 18:47:55.929917,RI_RI613_V1_C,540,41.69875717163086,-87.66983032226562
2018-04-09 18:47:55.940953,BNSF_BN1259_V1_C,120,41.78755187988281,-88.1131362915039
2018-04-09 18:47:55.951923,ME_ME705_V1_C,0,41.49742889404297,-87.70309448242188
2018-04-09 18:47:55.963958,NCS_NC118_V2_C,0,42.143226623535156,-87.93006896972656
2018-04-09 18:47:55.972979,UP-N_UN341_V1_C,60,42.22028350830078,-87.82327270507812
2018-04-09 18:47:55.983007,UP-W_UW49_V1_C,120,41.875938415527344,-88.06854248046875
2018-04-09 18:47:55.991028,MD-W_MW2246_V1_C,120,41.96454620361328,-87.98123168945312
2018-04-09 18:47:55.998049,UP-N_UN343_V1_C,240,42.1307487487793,-87.75420379638672
2018-04-09 18:47:56.006104,MD-W_MW2235_V1_C,0,41.97721481323242,-88.04560852050781
2018-04-09 18:47:56.014145,RI_RI415_V1_C,120,41.611236572265625,-87.73030853271484
2018-04-09 18:47:56.026179,ME_ME505_V1_C,180,41.674278259277344,-87.63179779052734
2018-04-09 18:47:56.037151,UP-NW_UNW639_V1_C,180,41.893287658691406,-87.64756774902344
2018-04-09 18:47:56.048181,UP-W_UW51_V1_C,120,41.8964729309082,-87.97652435302734
2018-04-09 18:47:56.058268,BNSF_BN1265_V1_C,180,41.810909271240234,-87.89341735839844
2018-04-09 18:47:56.069264,UP-N_UN345_V1_C,180,42.06912612915039,-87.70250701904297
2018-04-09 18:47:56.081271,SWS_SW827_V1_C,0,41.746463775634766,-87.70684051513672
2018-04-09 18:47:56.091294,MD-N_MN2135_V1_C,180,42.097938537597656,-87.81587219238281
2018-04-09 18:47:56.102323,UP-W_UW53_V1_C,240,41.89015579223633,-87.85513305664062
2018-04-09 18:47:56.112378,RI_RI615_V1_C,360,41.73223876953125,-87.65917205810547
2018-04-09 18:47:56.122380,BNSF_BN1288_V1_C,0,41.795509338378906,-88.01612854003906
2018-04-09 18:47:56.134476,MD-N_MN2148_V1_C,120,41.981407165527344,-87.75724792480469
2018-04-09 18:47:56.146509,RI_RI524_V1_C,0,41.57654571533203,-87.7816390991211
2018-04-09 18:47:56.158541,ME_ME407_V1_C,0,41.762508392333984,-87.56324768066406
2018-04-09 18:47:56.170538,ME_ME334_V1_C,0,41.83143615722656,-87.60719299316406
2018-04-09 18:47:56.180600,UP-N_UN347_V1_C,120,42.04167938232422,-87.68205261230469
2018-04-09 18:47:56.190624,ME_ME707_V1_C,120,41.651126861572266,-87.62091827392578
2018-04-09 18:47:56.200589,UP-N_UN350_V1_C,180,42.047401428222656,-87.68437194824219
2018-04-09 18:47:56.209638,MD-N_MN2137_V1_C,180,42.03903579711914,-87.787109375
2018-04-09 18:47:56.218712,MD-W_MW2237_V1_C,120,41.95174026489258,-87.91397094726562
2018-04-09 18:47:56.226685,ME_ME737_V1_C,120,41.678306579589844,-87.61382293701172
2018-04-09 18:47:56.235679,UP-NW_UNW643_V1_C,0,42.02794647216797,-87.86322784423828
2018-04-09 18:47:56.244775,RI_RI417_V1_C,120,41.65590286254883,-87.67633056640625
2018-04-09 18:47:56.253731,UP-W_UW58_V1_C,0,41.87936019897461,-88.19384765625
2018-04-09 18:47:56.261805,BNSF_BN1269_V1_C,0,41.811187744140625,-87.89187622070312
2018-04-09 18:47:56.273784,ME_ME757_V1_C,0,41.69043731689453,-87.61113739013672
2018-04-09 18:47:56.284839,UP-NW_UNW645_V1_C,60,41.97351837158203,-87.76705932617188
2018-04-09 18:47:56.297844,BNSF_BN1267_V1_C,180,41.79974365234375,-87.94271850585938
2018-04-09 18:47:56.310879,MD-W_MW2239_V1_C,120,41.933082580566406,-87.84552764892578
2018-04-09 18:47:56.322913,HC_HC919_V1_C,0,41.805320739746094,-87.77892303466797
2018-04-09 18:47:56.333944,MD-W_MW2241_V1_C,0,41.91664505004883,-87.774169921875
2018-04-09 18:47:56.347043,ME_ME337_V1_C,120,41.81825637817383,-87.59730529785156
2018-04-09 18:47:56.359041,UP-NW_UNW658_V1_C,120,42.35932159423828,-88.50434112548828
2018-04-09 18:47:56.370040,MD-N_MN2141_V1_C,0,41.93183517456055,-87.73149871826172
2018-04-09 18:47:56.379062,UP-NW_UNW647_V1_C,180,41.93648147583008,-87.7016372680664
2018-04-09 18:47:56.385216,NCS_NC115_V1_C,120,41.916473388671875,-87.78025817871094
2018-04-09 18:47:56.391092,BNSF_BN1271_V1_C,60,41.831783294677734,-87.80023193359375
2018-04-09 18:47:56.398136,ME_ME236_V1_C,60,41.67408752441406,-87.64313507080078
2018-04-09 18:47:56.408198,UP-W_UW55_V1_C,60,41.887691497802734,-87.74726867675781
2018-04-09 18:47:56.418164,UP-N_UN349_V1_C,60,41.93722915649414,-87.67359161376953
2018-04-09 18:47:56.432205,UP-N_UN352_V1_C,180,42.13444519042969,-87.75724029541016
2018-04-09 18:47:56.447246,RI_RI617_V1_C,60,41.80336380004883,-87.62864685058594
2018-04-09 18:47:56.460280,RI_RI419_V1_C,120,41.849735260009766,-87.62992095947266
2018-04-09 18:47:56.468355,ME_ME136_V1_C,60,41.496341705322266,-87.7034912109375
2018-04-09 18:47:56.477393,ME_ME709_V1_C,60,41.85334014892578,-87.6176986694336
2018-04-09 18:47:56.487425,BNSF_BN1273_V1_C,120,41.85836410522461,-87.68368530273438
2018-04-09 18:47:56.495396,UP-N_UN351_V1_C,120,41.8867073059082,-87.64060974121094
2018-04-09 18:47:56.502390,ME_ME739_V1_C,0,41.86798095703125,-87.62140655517578
2018-04-09 18:47:56.510486,SWS_SW836_V1_C,0,41.6160774230957,-87.8719482421875
2018-04-09 18:47:56.522441,SWS_SW829_V1_C,120,41.85554122924805,-87.63717651367188
2018-04-09 18:47:56.536538,ME_ME237_V1_C,0,41.868953704833984,-87.6217269897461
2018-04-09 18:47:56.550516,BNSF_BN1275_V1_C,120,41.86040115356445,-87.63890838623047
2018-04-09 18:47:56.557534,BNSF_BN1257_V1_C,360,41.778133392333984,-88.20745849609375
2018-04-09 18:48:55.724365,UP-NW_UNW627_V1_C,0,42.31706619262695,-88.4474868774414
2018-04-09 18:48:55.743334,MD-W_MW2227_V1_C,540,42.05701446533203,-88.2976303100586
2018-04-09 18:48:55.753335,UP-W_UW56_V1_C,0,41.88817596435547,-87.64095306396484
2018-04-09 18:48:55.762390,NCS_NC109_V1_C,240,42.322139739990234,-88.0207290649414
2018-04-09 18:48:55.773389,UP-W_UW45_V1_C,0,41.881675720214844,-88.30635833740234
2018-04-09 18:48:55.817535,MD-N_MN2146_V1_C,360,41.88846206665039,-87.6855239868164
2018-04-09 18:48:55.827567,MD-N_MN2129_V1_C,240,42.33200454711914,-88.03899383544922
2018-04-09 18:48:55.838327,UP-NW_UNW629_V1_C,480,42.14738845825195,-88.12161254882812
2018-04-09 18:48:55.847585,RI_RI611_V1_C,1380,41.671043395996094,-87.67350006103516
2018-04-09 18:48:55.856665,UP-NW_UNW631_V1_C,120,42.22557067871094,-88.27833557128906
2018-04-09 18:48:55.863627,HC_HC917_V1_C,600,41.637725830078125,-88.04931640625
2018-04-09 18:48:55.873653,MD-N_MN2131_V1_C,0,42.286251068115234,-87.9332504272461
2018-04-09 18:48:55.883682,UP-NW_UNW633_V1_C,240,42.11262893676758,-88.04793548583984
2018-04-09 18:48:55.891769,BNSF_BN1253_V1_C,300,41.79561233520508,-88.00914764404297
2018-04-09 18:48:55.900787,MD-W_MW2231_V1_C,180,41.99932098388672,-88.21126556396484
2018-04-09 18:48:55.909751,RI_RI413_V1_C,180,41.51462936401367,-87.96427917480469
2018-04-09 18:48:55.917771,RI_RI303_V1_C,60,41.578224182128906,-87.77760314941406
2018-04-09 18:48:55.927798,MD-W_MW2233_V1_C,60,41.989288330078125,-88.11801147460938
2018-04-09 18:48:55.936821,UP-NW_UNW635_V1_C,180,42.126312255859375,-88.07846069335938
2018-04-09 18:48:55.945848,UP-W_UW47_V1_C,120,41.87115478515625,-88.16181182861328
2018-04-09 18:48:55.957947,SWS_SW825_V1_C,0,41.669761657714844,-87.81966400146484
2018-04-09 18:48:55.969935,RI_RI613_V1_C,540,41.69875717163086,-87.66983032226562
2018-04-09 18:48:55.977962,BNSF_BN1259_V1_C,120,41.78755187988281,-88.1131362915039
2018-04-09 18:48:55.988075,ME_ME705_V1_C,0,41.49742889404297,-87.70309448242188
2018-04-09 18:48:56.001071,NCS_NC118_V2_C,0,42.143226623535156,-87.93006896972656
2018-04-09 18:48:56.014026,UP-N_UN341_V1_C,60,42.22028350830078,-87.82327270507812
2018-04-09 18:48:56.025056,UP-W_UW49_V1_C,120,41.875938415527344,-88.06854248046875
2018-04-09 18:48:56.033077,MD-W_MW2246_V1_C,120,41.96454620361328,-87.98123168945312
2018-04-09 18:48:56.040095,UP-N_UN343_V1_C,240,42.1307487487793,-87.75420379638672
2018-04-09 18:48:56.047115,MD-W_MW2235_V1_C,0,41.97721481323242,-88.04560852050781
2018-04-09 18:48:56.053130,RI_RI415_V1_C,120,41.611236572265625,-87.73030853271484
2018-04-09 18:48:56.060148,ME_ME505_V1_C,180,41.674278259277344,-87.63179779052734
2018-04-09 18:48:56.067195,UP-NW_UNW639_V1_C,180,41.893287658691406,-87.64756774902344
2018-04-09 18:48:56.077264,UP-W_UW51_V1_C,120,41.8964729309082,-87.97652435302734
2018-04-09 18:48:56.087288,BNSF_BN1265_V1_C,180,41.810909271240234,-87.89341735839844
2018-04-09 18:48:56.096248,UP-N_UN345_V1_C,180,42.06912612915039,-87.70250701904297
2018-04-09 18:48:56.105297,SWS_SW827_V1_C,0,41.746463775634766,-87.70684051513672
2018-04-09 18:48:56.112287,MD-N_MN2135_V1_C,180,42.097938537597656,-87.81587219238281
2018-04-09 18:48:56.121312,UP-W_UW53_V1_C,240,41.89015579223633,-87.85513305664062
2018-04-09 18:48:56.130396,RI_RI615_V1_C,360,41.73223876953125,-87.65917205810547
2018-04-09 18:48:56.139406,BNSF_BN1288_V1_C,0,41.795509338378906,-88.01612854003906
2018-04-09 18:48:56.147440,MD-N_MN2148_V1_C,120,41.981407165527344,-87.75724792480469
2018-04-09 18:48:56.156408,RI_RI524_V1_C,0,41.57654571533203,-87.7816390991211
2018-04-09 18:48:56.165431,ME_ME407_V1_C,0,41.762508392333984,-87.56324768066406
2018-04-09 18:48:56.173510,ME_ME334_V1_C,0,41.83143615722656,-87.60719299316406
2018-04-09 18:48:56.181505,UP-N_UN347_V1_C,120,42.04167938232422,-87.68205261230469
2018-04-09 18:48:56.194578,ME_ME707_V1_C,120,41.651126861572266,-87.62091827392578
2018-04-09 18:48:56.207600,UP-N_UN350_V1_C,180,42.047401428222656,-87.68437194824219
2018-04-09 18:48:56.217596,MD-N_MN2137_V1_C,180,42.03903579711914,-87.787109375
2018-04-09 18:48:56.226688,MD-W_MW2237_V1_C,120,41.95174026489258,-87.91397094726562
2018-04-09 18:48:56.237621,ME_ME737_V1_C,120,41.678306579589844,-87.61382293701172
2018-04-09 18:48:56.245644,UP-NW_UNW643_V1_C,0,42.02794647216797,-87.86322784423828
2018-04-09 18:48:56.256744,RI_RI417_V1_C,120,41.65590286254883,-87.67633056640625
2018-04-09 18:48:56.266698,UP-W_UW58_V1_C,0,41.87936019897461,-88.19384765625
2018-04-09 18:48:56.276834,BNSF_BN1269_V1_C,0,41.811187744140625,-87.89187622070312
2018-04-09 18:48:56.289760,ME_ME757_V1_C,0,41.69043731689453,-87.61113739013672
2018-04-09 18:48:56.300789,UP-NW_UNW645_V1_C,60,41.97351837158203,-87.76705932617188
2018-04-09 18:48:56.312847,BNSF_BN1267_V1_C,180,41.79974365234375,-87.94271850585938
2018-04-09 18:48:56.325985,MD-W_MW2239_V1_C,120,41.933082580566406,-87.84552764892578
2018-04-09 18:48:56.337949,HC_HC919_V1_C,0,41.805320739746094,-87.77892303466797
2018-04-09 18:48:56.350954,MD-W_MW2241_V1_C,0,41.91664505004883,-87.774169921875
2018-04-09 18:48:56.360949,ME_ME337_V1_C,120,41.81825637817383,-87.59730529785156
2018-04-09 18:48:56.374043,UP-NW_UNW658_V1_C,120,42.35932159423828,-88.50434112548828
2018-04-09 18:48:56.400057,MD-N_MN2141_V1_C,0,41.93183517456055,-87.73149871826172
2018-04-09 18:48:56.433141,UP-NW_UNW647_V1_C,180,41.93648147583008,-87.7016372680664
2018-04-09 18:48:56.467261,NCS_NC115_V1_C,120,41.916473388671875,-87.78025817871094
2018-04-09 18:48:56.502355,BNSF_BN1271_V1_C,60,41.831783294677734,-87.80023193359375
2018-04-09 18:48:56.535413,ME_ME236_V1_C,60,41.67408752441406,-87.64313507080078
2018-04-09 18:48:56.546442,UP-W_UW55_V1_C,60,41.887691497802734,-87.74726867675781
2018-04-09 18:48:56.558479,UP-N_UN349_V1_C,60,41.93722915649414,-87.67359161376953
2018-04-09 18:48:56.569507,UP-N_UN352_V1_C,180,42.13444519042969,-87.75724029541016
2018-04-09 18:48:56.580533,RI_RI617_V1_C,60,41.80336380004883,-87.62864685058594
2018-04-09 18:48:56.591562,RI_RI419_V1_C,120,41.849735260009766,-87.62992095947266
2018-04-09 18:48:56.602592,ME_ME136_V1_C,60,41.496341705322266,-87.7034912109375
2018-04-09 18:48:56.614627,ME_ME709_V1_C,60,41.85334014892578,-87.6176986694336
2018-04-09 18:48:56.625653,BNSF_BN1273_V1_C,120,41.85836410522461,-87.68368530273438
2018-04-09 18:48:56.636744,UP-N_UN351_V1_C,120,41.8867073059082,-87.64060974121094
2018-04-09 18:48:56.648846,ME_ME739_V1_C,0,41.86798095703125,-87.62140655517578
2018-04-09 18:48:56.659828,SWS_SW836_V1_C,0,41.6160774230957,-87.8719482421875
2018-04-09 18:48:56.671778,SWS_SW829_V1_C,120,41.85554122924805,-87.63717651367188
2018-04-09 18:48:56.682865,ME_ME237_V1_C,0,41.868953704833984,-87.6217269897461
2018-04-09 18:48:56.694841,BNSF_BN1275_V1_C,120,41.86040115356445,-87.63890838623047
2018-04-09 18:48:56.705870,BNSF_BN1257_V1_C,360,41.778133392333984,-88.20745849609375
2018-04-09 18:49:55.724637,UP-NW_UNW627_V1_C,0,42.31706619262695,-88.4474868774414
2018-04-09 18:49:55.748541,MD-W_MW2227_V1_C,540,42.05701446533203,-88.2976303100586
2018-04-09 18:49:55.764586,UP-W_UW56_V1_C,0,41.88817596435547,-87.64095306396484
2018-04-09 18:49:55.775611,NCS_NC109_V1_C,240,42.322139739990234,-88.0207290649414
2018-04-09 18:49:55.785709,UP-W_UW45_V1_C,0,41.881675720214844,-88.30635833740234
2018-04-09 18:49:55.796747,MD-N_MN2146_V1_C,360,41.88846206665039,-87.6855239868164
2018-04-09 18:49:55.806765,MD-N_MN2129_V1_C,240,42.33200454711914,-88.03899383544922
2018-04-09 18:49:55.818795,UP-NW_UNW629_V1_C,480,42.14738845825195,-88.12161254882812
2018-04-09 18:49:55.830758,RI_RI611_V1_C,1380,41.671043395996094,-87.67350006103516
2018-04-09 18:49:55.840814,UP-NW_UNW631_V1_C,120,42.22557067871094,-88.27833557128906
2018-04-09 18:49:55.851817,HC_HC917_V1_C,600,41.637725830078125,-88.04931640625
2018-04-09 18:49:55.862844,MD-N_MN2131_V1_C,0,42.286251068115234,-87.9332504272461
2018-04-09 18:49:55.871895,UP-NW_UNW633_V1_C,240,42.11262893676758,-88.04793548583984
2018-04-09 18:49:55.883903,BNSF_BN1253_V1_C,300,41.79561233520508,-88.00914764404297
2018-04-09 18:49:55.894932,MD-W_MW2231_V1_C,180,41.99932098388672,-88.21126556396484
2018-04-09 18:49:55.906024,RI_RI413_V1_C,180,41.51462936401367,-87.96427917480469
2018-04-09 18:49:55.917065,RI_RI303_V1_C,60,41.578224182128906,-87.77760314941406
2018-04-09 18:49:55.928022,MD-W_MW2233_V1_C,60,41.989288330078125,-88.11801147460938
2018-04-09 18:49:55.938043,UP-NW_UNW635_V1_C,180,42.126312255859375,-88.07846069335938
2018-04-09 18:49:55.947068,UP-W_UW47_V1_C,120,41.87115478515625,-88.16181182861328
2018-04-09 18:49:55.955092,SWS_SW825_V1_C,0,41.669761657714844,-87.81966400146484
2018-04-09 18:49:55.963112,RI_RI613_V1_C,540,41.69875717163086,-87.66983032226562
2018-04-09 18:49:55.972135,BNSF_BN1259_V1_C,120,41.78755187988281,-88.1131362915039
2018-04-09 18:49:55.984166,ME_ME705_V1_C,0,41.49742889404297,-87.70309448242188
2018-04-09 18:49:55.995264,NCS_NC118_V2_C,0,42.143226623535156,-87.93006896972656
2018-04-09 18:49:56.004223,UP-N_UN341_V1_C,60,42.22028350830078,-87.82327270507812
2018-04-09 18:49:56.013328,UP-W_UW49_V1_C,120,41.875938415527344,-88.06854248046875
2018-04-09 18:49:56.022271,MD-W_MW2246_V1_C,120,41.96454620361328,-87.98123168945312
2018-04-09 18:49:56.032294,UP-N_UN343_V1_C,240,42.1307487487793,-87.75420379638672
2018-04-09 18:49:56.041319,MD-W_MW2235_V1_C,0,41.97721481323242,-88.04560852050781
2018-04-09 18:49:56.051345,RI_RI415_V1_C,120,41.611236572265625,-87.73030853271484
2018-04-09 18:49:56.059366,ME_ME505_V1_C,180,41.674278259277344,-87.63179779052734
2018-04-09 18:49:56.066384,UP-NW_UNW639_V1_C,180,41.893287658691406,-87.64756774902344
2018-04-09 18:49:56.072432,UP-W_UW51_V1_C,120,41.8964729309082,-87.97652435302734
2018-04-09 18:49:56.078416,BNSF_BN1265_V1_C,180,41.810909271240234,-87.89341735839844
2018-04-09 18:49:56.084434,UP-N_UN345_V1_C,180,42.06912612915039,-87.70250701904297
2018-04-09 18:49:56.091478,SWS_SW827_V1_C,0,41.746463775634766,-87.70684051513672
2018-04-09 18:49:56.101478,MD-N_MN2135_V1_C,180,42.097938537597656,-87.81587219238281
2018-04-09 18:49:56.110599,UP-W_UW53_V1_C,240,41.89015579223633,-87.85513305664062
2018-04-09 18:49:56.118524,RI_RI615_V1_C,360,41.73223876953125,-87.65917205810547
2018-04-09 18:49:56.126547,BNSF_BN1288_V1_C,0,41.795509338378906,-88.01612854003906
2018-04-09 18:49:56.137578,MD-N_MN2148_V1_C,120,41.981407165527344,-87.75724792480469
2018-04-09 18:49:56.151612,RI_RI524_V1_C,0,41.57654571533203,-87.7816390991211
2018-04-09 18:49:56.163722,ME_ME407_V1_C,0,41.762508392333984,-87.56324768066406
2018-04-09 18:49:56.172667,ME_ME334_V1_C,0,41.83143615722656,-87.60719299316406
2018-04-09 18:49:56.180717,UP-N_UN347_V1_C,120,42.04167938232422,-87.68205261230469
2018-04-09 18:49:56.189715,ME_ME707_V1_C,120,41.651126861572266,-87.62091827392578
2018-04-09 18:49:56.196734,UP-N_UN350_V1_C,180,42.047401428222656,-87.68437194824219
2018-04-09 18:49:56.204756,MD-N_MN2137_V1_C,180,42.03903579711914,-87.787109375
2018-04-09 18:49:56.211774,MD-W_MW2237_V1_C,120,41.95174026489258,-87.91397094726562
2018-04-09 18:49:56.219821,ME_ME737_V1_C,120,41.678306579589844,-87.61382293701172
2018-04-09 18:49:56.227817,UP-NW_UNW643_V1_C,0,42.02794647216797,-87.86322784423828
2018-04-09 18:49:56.235839,RI_RI417_V1_C,120,41.65590286254883,-87.67633056640625
2018-04-09 18:49:56.243885,UP-W_UW58_V1_C,0,41.87936019897461,-88.19384765625
2018-04-09 18:49:56.252884,BNSF_BN1269_V1_C,0,41.811187744140625,-87.89187622070312
2018-04-09 18:49:56.260906,ME_ME757_V1_C,0,41.69043731689453,-87.61113739013672
2018-04-09 18:49:56.269010,UP-NW_UNW645_V1_C,60,41.97351837158203,-87.76705932617188
2018-04-09 18:49:56.276944,BNSF_BN1267_V1_C,180,41.79974365234375,-87.94271850585938
2018-04-09 18:49:56.284970,MD-W_MW2239_V1_C,120,41.933082580566406,-87.84552764892578
2018-04-09 18:49:56.292991,HC_HC919_V1_C,0,41.805320739746094,-87.77892303466797
2018-04-09 18:49:56.302015,MD-W_MW2241_V1_C,0,41.91664505004883,-87.774169921875
2018-04-09 18:49:56.312038,ME_ME337_V1_C,120,41.81825637817383,-87.59730529785156
2018-04-09 18:49:56.320145,UP-NW_UNW658_V1_C,120,42.35932159423828,-88.50434112548828
2018-04-09 18:49:56.326162,MD-N_MN2141_V1_C,0,41.93183517456055,-87.73149871826172
2018-04-09 18:49:56.336169,UP-NW_UNW647_V1_C,180,41.93648147583008,-87.7016372680664
2018-04-09 18:49:56.350143,NCS_NC115_V1_C,120,41.916473388671875,-87.78025817871094
2018-04-09 18:49:56.364179,BNSF_BN1271_V1_C,60,41.831783294677734,-87.80023193359375
2018-04-09 18:49:56.378216,ME_ME236_V1_C,60,41.67408752441406,-87.64313507080078
2018-04-09 18:49:56.386239,UP-W_UW55_V1_C,60,41.887691497802734,-87.74726867675781
2018-04-09 18:49:56.397268,UP-N_UN349_V1_C,60,41.93722915649414,-87.67359161376953
2018-04-09 18:49:56.407364,UP-N_UN352_V1_C,180,42.13444519042969,-87.75724029541016
2018-04-09 18:49:56.417419,RI_RI617_V1_C,60,41.80336380004883,-87.62864685058594
2018-04-09 18:49:56.426345,RI_RI419_V1_C,120,41.849735260009766,-87.62992095947266
2018-04-09 18:49:56.437436,ME_ME136_V1_C,60,41.496341705322266,-87.7034912109375
2018-04-09 18:49:56.447401,ME_ME709_V1_C,60,41.85334014892578,-87.6176986694336
2018-04-09 18:49:56.456425,BNSF_BN1273_V1_C,120,41.85836410522461,-87.68368530273438
2018-04-09 18:49:56.466452,UP-N_UN351_V1_C,120,41.8867073059082,-87.64060974121094
2018-04-09 18:49:56.474473,ME_ME739_V1_C,0,41.86798095703125,-87.62140655517578
2018-04-09 18:49:56.482494,SWS_SW836_V1_C,0,41.6160774230957,-87.8719482421875
2018-04-09 18:49:56.491595,SWS_SW829_V1_C,120,41.85554122924805,-87.63717651367188
2018-04-09 18:49:56.499540,ME_ME237_V1_C,0,41.868953704833984,-87.6217269897461
2018-04-09 18:49:56.507561,BNSF_BN1275_V1_C,120,41.86040115356445,-87.63890838623047
2018-04-09 18:49:56.515654,BNSF_BN1257_V1_C,360,41.778133392333984,-88.20745849609375
2018-04-09 18:50:55.726399,UP-NW_UNW627_V1_C,0,42.31706619262695,-88.4474868774414
2018-04-09 18:50:55.740254,MD-W_MW2227_V1_C,540,42.05701446533203,-88.2976303100586
2018-04-09 18:50:55.748273,UP-W_UW56_V1_C,0,41.88817596435547,-87.64095306396484
2018-04-09 18:50:55.757297,NCS_NC109_V1_C,240,42.322139739990234,-88.0207290649414
2018-04-09 18:50:55.766262,UP-W_UW45_V1_C,0,41.881675720214844,-88.30635833740234
2018-04-09 18:50:55.777352,MD-N_MN2146_V1_C,360,41.88846206665039,-87.6855239868164
2018-04-09 18:50:55.791342,MD-N_MN2129_V1_C,240,42.33200454711914,-88.03899383544922
2018-04-09 18:50:55.804363,UP-NW_UNW629_V1_C,480,42.14738845825195,-88.12161254882812
2018-04-09 18:50:55.817398,RI_RI611_V1_C,1380,41.671043395996094,-87.67350006103516
2018-04-09 18:50:55.827451,UP-NW_UNW631_V1_C,120,42.22557067871094,-88.27833557128906
2018-04-09 18:50:55.836535,HC_HC917_V1_C,600,41.637725830078125,-88.04931640625
2018-04-09 18:50:55.848082,MD-N_MN2131_V1_C,0,42.286251068115234,-87.9332504272461
2018-04-09 18:50:55.858535,UP-NW_UNW633_V1_C,240,42.11262893676758,-88.04793548583984
2018-04-09 18:50:55.869616,BNSF_BN1253_V1_C,300,41.79561233520508,-88.00914764404297
2018-04-09 18:50:55.880623,MD-W_MW2231_V1_C,180,41.99932098388672,-88.21126556396484
2018-04-09 18:50:55.895663,RI_RI413_V1_C,180,41.51462936401367,-87.96427917480469
2018-04-09 18:50:55.909646,RI_RI303_V1_C,60,41.578224182128906,-87.77760314941406
2018-04-09 18:50:55.923750,MD-W_MW2233_V1_C,60,41.989288330078125,-88.11801147460938
2018-04-09 18:50:55.935712,UP-NW_UNW635_V1_C,180,42.126312255859375,-88.07846069335938
2018-04-09 18:50:55.950752,UP-W_UW47_V1_C,120,41.87115478515625,-88.16181182861328
2018-04-09 18:50:55.960844,SWS_SW825_V1_C,0,41.669761657714844,-87.81966400146484
2018-04-09 18:50:55.971808,RI_RI613_V1_C,540,41.69875717163086,-87.66983032226562
2018-04-09 18:50:55.981835,BNSF_BN1259_V1_C,120,41.78755187988281,-88.1131362915039
2018-04-09 18:50:55.994873,ME_ME705_V1_C,0,41.49742889404297,-87.70309448242188
2018-04-09 18:50:56.008979,NCS_NC118_V2_C,0,42.143226623535156,-87.93006896972656
2018-04-09 18:50:56.023946,UP-N_UN341_V1_C,60,42.22028350830078,-87.82327270507812
2018-04-09 18:50:56.039007,UP-W_UW49_V1_C,120,41.875938415527344,-88.06854248046875
2018-04-09 18:50:56.053082,MD-W_MW2246_V1_C,120,41.96454620361328,-87.98123168945312
2018-04-09 18:50:56.068064,UP-N_UN343_V1_C,240,42.1307487487793,-87.75420379638672
2018-04-09 18:50:56.080095,MD-W_MW2235_V1_C,0,41.97721481323242,-88.04560852050781
2018-04-09 18:50:56.087114,RI_RI415_V1_C,120,41.611236572265625,-87.73030853271484
2018-04-09 18:50:56.096139,ME_ME505_V1_C,180,41.674278259277344,-87.63179779052734
2018-04-09 18:50:56.104160,UP-NW_UNW639_V1_C,180,41.893287658691406,-87.64756774902344
2018-04-09 18:50:56.113183,UP-W_UW51_V1_C,120,41.8964729309082,-87.97652435302734
2018-04-09 18:50:56.121205,BNSF_BN1265_V1_C,180,41.810909271240234,-87.89341735839844
2018-04-09 18:50:56.129257,UP-N_UN345_V1_C,180,42.06912612915039,-87.70250701904297
2018-04-09 18:50:56.137333,SWS_SW827_V1_C,0,41.746463775634766,-87.70684051513672
2018-04-09 18:50:56.146340,MD-N_MN2135_V1_C,180,42.097938537597656,-87.81587219238281
2018-04-09 18:50:56.157304,UP-W_UW53_V1_C,240,41.89015579223633,-87.85513305664062
2018-04-09 18:50:56.167398,RI_RI615_V1_C,360,41.73223876953125,-87.65917205810547
2018-04-09 18:50:56.179362,BNSF_BN1288_V1_C,0,41.795509338378906,-88.01612854003906
2018-04-09 18:50:56.190448,MD-N_MN2148_V1_C,120,41.981407165527344,-87.75724792480469
2018-04-09 18:50:56.202426,RI_RI524_V1_C,0,41.57654571533203,-87.7816390991211
2018-04-09 18:50:56.214524,ME_ME407_V1_C,0,41.762508392333984,-87.56324768066406
2018-04-09 18:50:56.227488,ME_ME334_V1_C,0,41.83143615722656,-87.60719299316406
2018-04-09 18:50:56.239588,UP-N_UN347_V1_C,120,42.04167938232422,-87.68205261230469
2018-04-09 18:50:56.251587,ME_ME707_V1_C,120,41.651126861572266,-87.62091827392578
2018-04-09 18:50:56.264587,UP-N_UN350_V1_C,180,42.047401428222656,-87.68437194824219
2018-04-09 18:50:56.277684,MD-N_MN2137_V1_C,180,42.03903579711914,-87.787109375
2018-04-09 18:50:56.290660,MD-W_MW2237_V1_C,120,41.95174026489258,-87.91397094726562
2018-04-09 18:50:56.303705,ME_ME737_V1_C,120,41.678306579589844,-87.61382293701172
2018-04-09 18:50:56.317736,UP-NW_UNW643_V1_C,0,42.02794647216797,-87.86322784423828
2018-04-09 18:50:56.330763,RI_RI417_V1_C,120,41.65590286254883,-87.67633056640625
2018-04-09 18:50:56.343873,UP-W_UW58_V1_C,0,41.87936019897461,-88.19384765625
2018-04-09 18:50:56.357838,BNSF_BN1269_V1_C,0,41.811187744140625,-87.89187622070312
2018-04-09 18:50:56.367861,ME_ME757_V1_C,0,41.69043731689453,-87.61113739013672
2018-04-09 18:50:56.377915,UP-NW_UNW645_V1_C,60,41.97351837158203,-87.76705932617188
2018-04-09 18:50:56.388946,BNSF_BN1267_V1_C,180,41.79974365234375,-87.94271850585938
2018-04-09 18:50:56.400030,MD-W_MW2239_V1_C,120,41.933082580566406,-87.84552764892578
2018-04-09 18:50:56.410073,HC_HC919_V1_C,0,41.805320739746094,-87.77892303466797
2018-04-09 18:50:56.420000,MD-W_MW2241_V1_C,0,41.91664505004883,-87.774169921875
2018-04-09 18:50:56.426085,ME_ME337_V1_C,120,41.81825637817383,-87.59730529785156
2018-04-09 18:50:56.435515,UP-NW_UNW658_V1_C,120,42.35932159423828,-88.50434112548828
2018-04-09 18:50:56.442060,MD-N_MN2141_V1_C,0,41.93183517456055,-87.73149871826172
2018-04-09 18:50:56.449079,UP-NW_UNW647_V1_C,180,41.93648147583008,-87.7016372680664
2018-04-09 18:50:56.455125,NCS_NC115_V1_C,120,41.916473388671875,-87.78025817871094
2018-04-09 18:50:56.460107,BNSF_BN1271_V1_C,60,41.831783294677734,-87.80023193359375
2018-04-09 18:50:56.467183,ME_ME236_V1_C,60,41.67408752441406,-87.64313507080078
2018-04-09 18:50:56.475177,UP-W_UW55_V1_C,60,41.887691497802734,-87.74726867675781
2018-04-09 18:50:56.482227,UP-N_UN349_V1_C,60,41.93722915649414,-87.67359161376953
2018-04-09 18:50:56.491192,UP-N_UN352_V1_C,180,42.13444519042969,-87.75724029541016
2018-04-09 18:50:56.499239,RI_RI617_V1_C,60,41.80336380004883,-87.62864685058594
2018-04-09 18:50:56.506228,RI_RI419_V1_C,120,41.849735260009766,-87.62992095947266
2018-04-09 18:50:56.515298,ME_ME136_V1_C,60,41.496341705322266,-87.7034912109375
2018-04-09 18:50:56.525282,ME_ME709_V1_C,60,41.85334014892578,-87.6176986694336
2018-04-09 18:50:56.534388,BNSF_BN1273_V1_C,120,41.85836410522461,-87.68368530273438
2018-04-09 18:50:56.543407,UP-N_UN351_V1_C,120,41.8867073059082,-87.64060974121094
2018-04-09 18:50:56.551349,ME_ME739_V1_C,0,41.86798095703125,-87.62140655517578
2018-04-09 18:50:56.561379,SWS_SW836_V1_C,0,41.6160774230957,-87.8719482421875
2018-04-09 18:50:56.570403,SWS_SW829_V1_C,120,41.85554122924805,-87.63717651367188
2018-04-09 18:50:56.578479,ME_ME237_V1_C,0,41.868953704833984,-87.6217269897461
2018-04-09 18:50:56.587476,BNSF_BN1275_V1_C,120,41.86040115356445,-87.63890838623047
2018-04-09 18:50:56.596469,BNSF_BN1257_V1_C,360,41.778133392333984,-88.20745849609375
2018-04-09 18:51:55.727062,UP-NW_UNW627_V1_C,0,42.31706619262695,-88.4474868774414
2018-04-09 18:51:55.756974,MD-W_MW2227_V1_C,540,42.05701446533203,-88.2976303100586
2018-04-09 18:51:55.782039,UP-W_UW56_V1_C,0,41.88817596435547,-87.64095306396484
2018-04-09 18:51:55.822172,NCS_NC109_V1_C,240,42.322139739990234,-88.0207290649414
2018-04-09 18:51:55.841261,UP-W_UW45_V1_C,0,41.881675720214844,-88.30635833740234
2018-04-09 18:51:55.857325,MD-N_MN2146_V1_C,360,41.88846206665039,-87.6855239868164
2018-04-09 18:51:55.874310,MD-N_MN2129_V1_C,240,42.33200454711914,-88.03899383544922
2018-04-09 18:51:55.916420,UP-NW_UNW629_V1_C,480,42.14738845825195,-88.12161254882812
2018-04-09 18:51:55.928429,RI_RI611_V1_C,1380,41.671043395996094,-87.67350006103516
2018-04-09 18:51:55.941545,UP-NW_UNW631_V1_C,120,42.22557067871094,-88.27833557128906
2018-04-09 18:51:55.954495,HC_HC917_V1_C,600,41.637725830078125,-88.04931640625
2018-04-09 18:51:55.967591,MD-N_MN2131_V1_C,0,42.286251068115234,-87.9332504272461
2018-04-09 18:51:55.979588,UP-NW_UNW633_V1_C,240,42.11262893676758,-88.04793548583984
2018-04-09 18:51:55.993657,BNSF_BN1253_V1_C,300,41.79561233520508,-88.00914764404297
2018-04-09 18:51:56.006637,MD-W_MW2231_V1_C,180,41.99932098388672,-88.21126556396484
2018-04-09 18:51:56.019733,RI_RI413_V1_C,180,41.51462936401367,-87.96427917480469
2018-04-09 18:51:56.029697,RI_RI303_V1_C,60,41.578224182128906,-87.77760314941406
2018-04-09 18:51:56.038723,MD-W_MW2233_V1_C,60,41.989288330078125,-88.11801147460938
2018-04-09 18:51:56.049811,UP-NW_UNW635_V1_C,180,42.126312255859375,-88.07846069335938
2018-04-09 18:51:56.058772,UP-W_UW47_V1_C,120,41.87115478515625,-88.16181182861328
2018-04-09 18:51:56.068802,SWS_SW825_V1_C,0,41.669761657714844,-87.81966400146484
2018-04-09 18:51:56.075878,RI_RI613_V1_C,540,41.69875717163086,-87.66983032226562
2018-04-09 18:51:56.084841,BNSF_BN1259_V1_C,120,41.78755187988281,-88.1131362915039
2018-04-09 18:51:56.091860,ME_ME705_V1_C,0,41.49742889404297,-87.70309448242188
2018-04-09 18:51:56.100885,NCS_NC118_V2_C,0,42.143226623535156,-87.93006896972656
2018-04-09 18:51:56.111008,UP-N_UN341_V1_C,60,42.22028350830078,-87.82327270507812
2018-04-09 18:51:56.122270,UP-W_UW49_V1_C,120,41.875938415527344,-88.06854248046875
2018-04-09 18:51:56.133028,MD-W_MW2246_V1_C,120,41.96454620361328,-87.98123168945312
2018-04-09 18:51:56.147070,UP-N_UN343_V1_C,240,42.1307487487793,-87.75420379638672
2018-04-09 18:51:56.157095,MD-W_MW2235_V1_C,0,41.97721481323242,-88.04560852050781
2018-04-09 18:51:56.167152,RI_RI415_V1_C,120,41.611236572265625,-87.73030853271484
2018-04-09 18:51:56.177147,ME_ME505_V1_C,180,41.674278259277344,-87.63179779052734
2018-04-09 18:51:56.187199,UP-NW_UNW639_V1_C,180,41.893287658691406,-87.64756774902344
2018-04-09 18:51:56.198203,UP-W_UW51_V1_C,120,41.8964729309082,-87.97652435302734
2018-04-09 18:51:56.213245,BNSF_BN1265_V1_C,180,41.810909271240234,-87.89341735839844
2018-04-09 18:51:56.225276,UP-N_UN345_V1_C,180,42.06912612915039,-87.70250701904297
2018-04-09 18:51:56.235329,SWS_SW827_V1_C,0,41.746463775634766,-87.70684051513672
2018-04-09 18:51:56.245327,MD-N_MN2135_V1_C,180,42.097938537597656,-87.81587219238281
2018-04-09 18:51:56.254414,UP-W_UW53_V1_C,240,41.89015579223633,-87.85513305664062
2018-04-09 18:51:56.264406,RI_RI615_V1_C,360,41.73223876953125,-87.65917205810547
2018-04-09 18:51:56.277413,BNSF_BN1288_V1_C,0,41.795509338378906,-88.01612854003906
2018-04-09 18:51:56.286439,MD-N_MN2148_V1_C,120,41.981407165527344,-87.75724792480469
2018-04-09 18:51:56.297543,RI_RI524_V1_C,0,41.57654571533203,-87.7816390991211
2018-04-09 18:51:56.307521,ME_ME407_V1_C,0,41.762508392333984,-87.56324768066406
2018-04-09 18:51:56.319525,ME_ME334_V1_C,0,41.83143615722656,-87.60719299316406
2018-04-09 18:51:56.332560,UP-N_UN347_V1_C,120,42.04167938232422,-87.68205261230469
2018-04-09 18:51:56.341613,ME_ME707_V1_C,120,41.651126861572266,-87.62091827392578
2018-04-09 18:51:56.350662,UP-N_UN350_V1_C,180,42.047401428222656,-87.68437194824219
2018-04-09 18:51:56.361637,MD-N_MN2137_V1_C,180,42.03903579711914,-87.787109375
2018-04-09 18:51:56.370664,MD-W_MW2237_V1_C,120,41.95174026489258,-87.91397094726562
2018-04-09 18:51:56.379716,ME_ME737_V1_C,120,41.678306579589844,-87.61382293701172
2018-04-09 18:51:56.389940,UP-NW_UNW643_V1_C,0,42.02794647216797,-87.86322784423828
2018-04-09 18:51:56.397762,RI_RI417_V1_C,120,41.65590286254883,-87.67633056640625
2018-04-09 18:51:56.407788,UP-W_UW58_V1_C,0,41.87936019897461,-88.19384765625
2018-04-09 18:51:56.420499,BNSF_BN1269_V1_C,0,41.811187744140625,-87.89187622070312
2018-04-09 18:51:56.431826,ME_ME757_V1_C,0,41.69043731689453,-87.61113739013672
2018-04-09 18:51:56.440875,UP-NW_UNW645_V1_C,60,41.97351837158203,-87.76705932617188
2018-04-09 18:51:56.446892,BNSF_BN1267_V1_C,180,41.79974365234375,-87.94271850585938
2018-04-09 18:51:56.453957,MD-W_MW2239_V1_C,120,41.933082580566406,-87.84552764892578
2018-04-09 18:51:56.460904,HC_HC919_V1_C,0,41.805320739746094,-87.77892303466797
2018-04-09 18:51:56.470958,MD-W_MW2241_V1_C,0,41.91664505004883,-87.774169921875
2018-04-09 18:51:56.482963,ME_ME337_V1_C,120,41.81825637817383,-87.59730529785156
2018-04-09 18:51:56.494020,UP-NW_UNW658_V1_C,120,42.35932159423828,-88.50434112548828
2018-04-09 18:51:56.506023,MD-N_MN2141_V1_C,0,41.93183517456055,-87.73149871826172
2018-04-09 18:51:56.516119,UP-NW_UNW647_V1_C,180,41.93648147583008,-87.7016372680664
2018-04-09 18:51:56.527110,NCS_NC115_V1_C,120,41.916473388671875,-87.78025817871094
2018-04-09 18:51:56.539141,BNSF_BN1271_V1_C,60,41.831783294677734,-87.80023193359375
2018-04-09 18:51:56.549137,ME_ME236_V1_C,60,41.67408752441406,-87.64313507080078
2018-04-09 18:51:56.558236,UP-W_UW55_V1_C,60,41.887691497802734,-87.74726867675781
2018-04-09 18:51:56.568215,UP-N_UN349_V1_C,60,41.93722915649414,-87.67359161376953
2018-04-09 18:51:56.587237,UP-N_UN352_V1_C,180,42.13444519042969,-87.75724029541016
2018-04-09 18:51:56.626415,RI_RI617_V1_C,60,41.80336380004883,-87.62864685058594
2018-04-09 18:51:56.664444,RI_RI419_V1_C,120,41.849735260009766,-87.62992095947266
2018-04-09 18:51:56.696599,ME_ME136_V1_C,60,41.496341705322266,-87.7034912109375
2018-04-09 18:51:56.729686,ME_ME709_V1_C,60,41.85334014892578,-87.6176986694336
2018-04-09 18:51:56.760698,BNSF_BN1273_V1_C,120,41.85836410522461,-87.68368530273438
2018-04-09 18:51:56.798851,UP-N_UN351_V1_C,120,41.8867073059082,-87.64060974121094
2018-04-09 18:51:56.834899,ME_ME739_V1_C,0,41.86798095703125,-87.62140655517578
2018-04-09 18:51:56.854995,SWS_SW836_V1_C,0,41.6160774230957,-87.8719482421875
2018-04-09 18:51:56.872998,SWS_SW829_V1_C,120,41.85554122924805,-87.63717651367188
2018-04-09 18:51:56.905116,ME_ME237_V1_C,0,41.868953704833984,-87.6217269897461
2018-04-09 18:51:56.940825,BNSF_BN1275_V1_C,120,41.86040115356445,-87.63890838623047
2018-04-09 18:51:56.976271,BNSF_BN1257_V1_C,360,41.778133392333984,-88.20745849609375
2018-04-09 18:52:55.728141,UP-NW_UNW627_V1_C,0,42.31706619262695,-88.4474868774414
2018-04-09 18:52:55.795213,MD-W_MW2227_V1_C,540,42.05701446533203,-88.2976303100586
2018-04-09 18:52:55.828254,UP-W_UW56_V1_C,0,41.88817596435547,-87.64095306396484
2018-04-09 18:52:55.836278,NCS_NC109_V1_C,240,42.322139739990234,-88.0207290649414
2018-04-09 18:52:55.845324,UP-W_UW45_V1_C,0,41.881675720214844,-88.30635833740234
2018-04-09 18:52:55.853324,MD-N_MN2146_V1_C,360,41.88846206665039,-87.6855239868164
2018-04-09 18:52:55.862373,MD-N_MN2129_V1_C,240,42.33200454711914,-88.03899383544922
2018-04-09 18:52:55.870337,UP-NW_UNW629_V1_C,480,42.14738845825195,-88.12161254882812
2018-04-09 18:52:55.878437,RI_RI611_V1_C,1380,41.671043395996094,-87.67350006103516
2018-04-09 18:52:55.886462,UP-NW_UNW631_V1_C,120,42.22557067871094,-88.27833557128906
2018-04-09 18:52:55.893456,HC_HC917_V1_C,600,41.637725830078125,-88.04931640625
2018-04-09 18:52:55.901477,MD-N_MN2131_V1_C,0,42.286251068115234,-87.9332504272461
2018-04-09 18:52:55.910471,UP-NW_UNW633_V1_C,240,42.11262893676758,-88.04793548583984
2018-04-09 18:52:55.918542,BNSF_BN1253_V1_C,300,41.79561233520508,-88.00914764404297
2018-04-09 18:52:55.926547,MD-W_MW2231_V1_C,180,41.99932098388672,-88.21126556396484
2018-04-09 18:52:55.934509,RI_RI413_V1_C,180,41.51462936401367,-87.96427917480469
2018-04-09 18:52:55.942530,RI_RI303_V1_C,60,41.578224182128906,-87.77760314941406
2018-04-09 18:52:55.952586,MD-W_MW2233_V1_C,60,41.989288330078125,-88.11801147460938
2018-04-09 18:52:55.969603,UP-NW_UNW635_V1_C,180,42.126312255859375,-88.07846069335938
2018-04-09 18:52:55.984668,UP-W_UW47_V1_C,120,41.87115478515625,-88.16181182861328
2018-04-09 18:52:56.003767,SWS_SW825_V1_C,0,41.669761657714844,-87.81966400146484
2018-04-09 18:52:56.020808,RI_RI613_V1_C,540,41.69875717163086,-87.66983032226562
2018-04-09 18:52:56.040790,BNSF_BN1259_V1_C,120,41.78755187988281,-88.1131362915039
2018-04-09 18:52:56.052895,ME_ME705_V1_C,0,41.49742889404297,-87.70309448242188
2018-04-09 18:52:56.065860,NCS_NC118_V2_C,0,42.143226623535156,-87.93006896972656
2018-04-09 18:52:56.078892,UP-N_UN341_V1_C,60,42.22028350830078,-87.82327270507812
2018-04-09 18:52:56.094993,UP-W_UW49_V1_C,120,41.875938415527344,-88.06854248046875
2018-04-09 18:52:56.110980,MD-W_MW2246_V1_C,120,41.96454620361328,-87.98123168945312
2018-04-09 18:52:56.129049,UP-N_UN343_V1_C,240,42.1307487487793,-87.75420379638672
2018-04-09 18:52:56.141057,MD-W_MW2235_V1_C,0,41.97721481323242,-88.04560852050781
2018-04-09 18:52:56.157130,RI_RI415_V1_C,120,41.611236572265625,-87.73030853271484
2018-04-09 18:52:56.171141,ME_ME505_V1_C,180,41.674278259277344,-87.63179779052734
2018-04-09 18:52:56.185479,UP-NW_UNW639_V1_C,180,41.893287658691406,-87.64756774902344
2018-04-09 18:52:56.199212,UP-W_UW51_V1_C,120,41.8964729309082,-87.97652435302734
2018-04-09 18:52:56.210242,BNSF_BN1265_V1_C,180,41.810909271240234,-87.89341735839844
2018-04-09 18:52:56.220300,UP-N_UN345_V1_C,180,42.06912612915039,-87.70250701904297
2018-04-09 18:52:56.230294,SWS_SW827_V1_C,0,41.746463775634766,-87.70684051513672
2018-04-09 18:52:56.238317,MD-N_MN2135_V1_C,180,42.097938537597656,-87.81587219238281
2018-04-09 18:52:56.247341,UP-W_UW53_V1_C,240,41.89015579223633,-87.85513305664062
2018-04-09 18:52:56.259431,RI_RI615_V1_C,360,41.73223876953125,-87.65917205810547
2018-04-09 18:52:56.269403,BNSF_BN1288_V1_C,0,41.795509338378906,-88.01612854003906
2018-04-09 18:52:56.279500,MD-N_MN2148_V1_C,120,41.981407165527344,-87.75724792480469
2018-04-09 18:52:56.288632,RI_RI524_V1_C,0,41.57654571533203,-87.7816390991211
2018-04-09 18:52:56.295495,ME_ME407_V1_C,0,41.762508392333984,-87.56324768066406
2018-04-09 18:52:56.303515,ME_ME334_V1_C,0,41.83143615722656,-87.60719299316406
2018-04-09 18:52:56.314518,UP-N_UN347_V1_C,120,42.04167938232422,-87.68205261230469
2018-04-09 18:52:56.331568,ME_ME707_V1_C,120,41.651126861572266,-87.62091827392578
2018-04-09 18:52:56.345674,UP-N_UN350_V1_C,180,42.047401428222656,-87.68437194824219
2018-04-09 18:52:56.360641,MD-N_MN2137_V1_C,180,42.03903579711914,-87.787109375
2018-04-09 18:52:56.373705,MD-W_MW2237_V1_C,120,41.95174026489258,-87.91397094726562
2018-04-09 18:52:56.387895,ME_ME737_V1_C,120,41.678306579589844,-87.61382293701172
2018-04-09 18:52:56.402753,UP-NW_UNW643_V1_C,0,42.02794647216797,-87.86322784423828
2018-04-09 18:52:56.418867,RI_RI417_V1_C,120,41.65590286254883,-87.67633056640625
2018-04-09 18:52:56.433836,UP-W_UW58_V1_C,0,41.87936019897461,-88.19384765625
2018-04-09 18:52:56.448963,BNSF_BN1269_V1_C,0,41.811187744140625,-87.89187622070312
2018-04-09 18:52:56.456927,ME_ME757_V1_C,0,41.69043731689453,-87.61113739013672
2018-04-09 18:52:56.467059,UP-NW_UNW645_V1_C,60,41.97351837158203,-87.76705932617188
2018-04-09 18:52:56.476978,BNSF_BN1267_V1_C,180,41.79974365234375,-87.94271850585938
2018-04-09 18:52:56.488984,MD-W_MW2239_V1_C,120,41.933082580566406,-87.84552764892578
2018-04-09 18:52:56.500070,HC_HC919_V1_C,0,41.805320739746094,-87.77892303466797
2018-04-09 18:52:56.513050,MD-W_MW2241_V1_C,0,41.91664505004883,-87.774169921875
2018-04-09 18:52:56.525078,ME_ME337_V1_C,120,41.81825637817383,-87.59730529785156
2018-04-09 18:52:56.540131,UP-NW_UNW658_V1_C,120,42.35932159423828,-88.50434112548828
2018-04-09 18:52:56.557242,MD-N_MN2141_V1_C,0,41.93183517456055,-87.73149871826172
2018-04-09 18:52:56.573206,UP-NW_UNW647_V1_C,180,41.93648147583008,-87.7016372680664
2018-04-09 18:52:56.585302,NCS_NC115_V1_C,120,41.916473388671875,-87.78025817871094
2018-04-09 18:52:56.596318,BNSF_BN1271_V1_C,60,41.831783294677734,-87.80023193359375
2018-04-09 18:52:56.607298,ME_ME236_V1_C,60,41.67408752441406,-87.64313507080078
2018-04-09 18:52:56.617326,UP-W_UW55_V1_C,60,41.887691497802734,-87.74726867675781
2018-04-09 18:52:56.628412,UP-N_UN349_V1_C,60,41.93722915649414,-87.67359161376953
2018-04-09 18:52:56.639383,UP-N_UN352_V1_C,180,42.13444519042969,-87.75724029541016
2018-04-09 18:52:56.645424,RI_RI617_V1_C,60,41.80336380004883,-87.62864685058594
2018-04-09 18:52:56.652416,RI_RI419_V1_C,120,41.849735260009766,-87.62992095947266
2018-04-09 18:52:56.659494,ME_ME136_V1_C,60,41.496341705322266,-87.7034912109375
2018-04-09 18:52:56.669466,ME_ME709_V1_C,60,41.85334014892578,-87.6176986694336
2018-04-09 18:52:56.681498,BNSF_BN1273_V1_C,120,41.85836410522461,-87.68368530273438
2018-04-09 18:52:56.694561,UP-N_UN351_V1_C,120,41.8867073059082,-87.64060974121094
2018-04-09 18:52:56.706564,ME_ME739_V1_C,0,41.86798095703125,-87.62140655517578
2018-04-09 18:52:56.718597,SWS_SW836_V1_C,0,41.6160774230957,-87.8719482421875
2018-04-09 18:52:56.729699,SWS_SW829_V1_C,120,41.85554122924805,-87.63717651367188
2018-04-09 18:52:56.741725,ME_ME237_V1_C,0,41.868953704833984,-87.6217269897461
2018-04-09 18:52:56.751684,BNSF_BN1275_V1_C,120,41.86040115356445,-87.63890838623047
2018-04-09 18:52:56.760770,BNSF_BN1257_V1_C,360,41.778133392333984,-88.20745849609375
2018-04-09 18:53:55.729163,UP-NW_UNW627_V1_C,0,42.31706619262695,-88.4474868774414
2018-04-09 18:53:55.737185,MD-W_MW2227_V1_C,540,42.05701446533203,-88.2976303100586
2018-04-09 18:53:55.747212,UP-W_UW56_V1_C,0,41.88817596435547,-87.64095306396484
2018-04-09 18:53:55.756236,NCS_NC109_V1_C,240,42.322139739990234,-88.0207290649414
2018-04-09 18:53:55.764324,UP-W_UW45_V1_C,0,41.881675720214844,-88.30635833740234
2018-04-09 18:53:55.771275,MD-N_MN2146_V1_C,360,41.88846206665039,-87.6855239868164
2018-04-09 18:53:55.784312,MD-N_MN2129_V1_C,240,42.33200454711914,-88.03899383544922
2018-04-09 18:53:55.792395,UP-NW_UNW629_V1_C,480,42.14738845825195,-88.12161254882812
2018-04-09 18:53:55.801357,RI_RI611_V1_C,1380,41.671043395996094,-87.67350006103516
2018-04-09 18:53:55.807427,UP-NW_UNW631_V1_C,120,42.22557067871094,-88.27833557128906
2018-04-09 18:53:55.819476,HC_HC917_V1_C,600,41.637725830078125,-88.04931640625
2018-04-09 18:53:55.835447,MD-N_MN2131_V1_C,0,42.286251068115234,-87.9332504272461
2018-04-09 18:53:55.846508,UP-NW_UNW633_V1_C,240,42.11262893676758,-88.04793548583984
2018-04-09 18:53:55.857527,BNSF_BN1253_V1_C,300,41.79561233520508,-88.00914764404297
2018-04-09 18:53:55.872547,MD-W_MW2231_V1_C,180,41.99932098388672,-88.21126556396484
2018-04-09 18:53:55.894663,RI_RI413_V1_C,180,41.51462936401367,-87.96427917480469
2018-04-09 18:53:55.908642,RI_RI303_V1_C,60,41.578224182128906,-87.77760314941406
2018-04-09 18:53:55.926689,MD-W_MW2233_V1_C,60,41.989288330078125,-88.11801147460938
2018-04-09 18:53:55.944738,UP-NW_UNW635_V1_C,180,42.126312255859375,-88.07846069335938
2018-04-09 18:53:55.960011,UP-W_UW47_V1_C,120,41.87115478515625,-88.16181182861328
2018-04-09 18:53:55.972815,SWS_SW825_V1_C,0,41.669761657714844,-87.81966400146484
2018-04-09 18:53:55.990861,RI_RI613_V1_C,540,41.69875717163086,-87.66983032226562
2018-04-09 18:53:56.003895,BNSF_BN1259_V1_C,120,41.78755187988281,-88.1131362915039
2018-04-09 18:53:56.009936,ME_ME705_V1_C,0,41.49742889404297,-87.70309448242188
2018-04-09 18:53:56.019386,NCS_NC118_V2_C,0,42.143226623535156,-87.93006896972656
2018-04-09 18:53:56.030987,UP-N_UN341_V1_C,60,42.22028350830078,-87.82327270507812
2018-04-09 18:53:56.042998,UP-W_UW49_V1_C,120,41.875938415527344,-88.06854248046875
2018-04-09 18:53:56.059108,MD-W_MW2246_V1_C,120,41.96454620361328,-87.98123168945312
2018-04-09 18:53:56.070070,UP-N_UN343_V1_C,240,42.1307487487793,-87.75420379638672
2018-04-09 18:53:56.079094,MD-W_MW2235_V1_C,0,41.97721481323242,-88.04560852050781
2018-04-09 18:53:56.089186,RI_RI415_V1_C,120,41.611236572265625,-87.73030853271484
2018-04-09 18:53:56.100150,ME_ME505_V1_C,180,41.674278259277344,-87.63179779052734
2018-04-09 18:53:56.111204,UP-NW_UNW639_V1_C,180,41.893287658691406,-87.64756774902344
2018-04-09 18:53:56.122209,UP-W_UW51_V1_C,120,41.8964729309082,-87.97652435302734
2018-04-09 18:53:56.139276,BNSF_BN1265_V1_C,180,41.810909271240234,-87.89341735839844
2018-04-09 18:53:56.158369,UP-N_UN345_V1_C,180,42.06912612915039,-87.70250701904297
2018-04-09 18:53:56.180364,SWS_SW827_V1_C,0,41.746463775634766,-87.70684051513672
2018-04-09 18:53:56.200417,MD-N_MN2135_V1_C,180,42.097938537597656,-87.81587219238281
2018-04-09 18:53:56.227490,UP-W_UW53_V1_C,240,41.89015579223633,-87.85513305664062
2018-04-09 18:53:56.237516,RI_RI615_V1_C,360,41.73223876953125,-87.65917205810547
2018-04-09 18:53:56.246540,BNSF_BN1288_V1_C,0,41.795509338378906,-88.01612854003906
2018-04-09 18:53:56.253558,MD-N_MN2148_V1_C,120,41.981407165527344,-87.75724792480469
2018-04-09 18:53:56.260577,RI_RI524_V1_C,0,41.57654571533203,-87.7816390991211
2018-04-09 18:53:56.276680,ME_ME407_V1_C,0,41.762508392333984,-87.56324768066406
2018-04-09 18:53:56.286646,ME_ME334_V1_C,0,41.83143615722656,-87.60719299316406
2018-04-09 18:53:56.297676,UP-N_UN347_V1_C,120,42.04167938232422,-87.68205261230469
2018-04-09 18:53:56.307702,ME_ME707_V1_C,120,41.651126861572266,-87.62091827392578
2018-04-09 18:53:56.327779,UP-N_UN350_V1_C,180,42.047401428222656,-87.68437194824219
2018-04-09 18:53:56.340863,MD-N_MN2137_V1_C,180,42.03903579711914,-87.787109375
2018-04-09 18:53:56.349883,MD-W_MW2237_V1_C,120,41.95174026489258,-87.91397094726562
2018-04-09 18:53:56.358838,ME_ME737_V1_C,120,41.678306579589844,-87.61382293701172
2018-04-09 18:53:56.368865,UP-NW_UNW643_V1_C,0,42.02794647216797,-87.86322784423828
2018-04-09 18:53:56.377914,RI_RI417_V1_C,120,41.65590286254883,-87.67633056640625
2018-04-09 18:53:56.387915,UP-W_UW58_V1_C,0,41.87936019897461,-88.19384765625
2018-04-09 18:53:56.401954,BNSF_BN1269_V1_C,0,41.811187744140625,-87.89187622070312
2018-04-09 18:53:56.412003,ME_ME757_V1_C,0,41.69043731689453,-87.61113739013672
2018-04-09 18:53:56.422007,UP-NW_UNW645_V1_C,60,41.97351837158203,-87.76705932617188
2018-04-09 18:53:56.432062,BNSF_BN1267_V1_C,180,41.79974365234375,-87.94271850585938
2018-04-09 18:53:56.445068,MD-W_MW2239_V1_C,120,41.933082580566406,-87.84552764892578
2018-04-09 18:53:56.467127,HC_HC919_V1_C,0,41.805320739746094,-87.77892303466797
2018-04-09 18:53:56.486177,MD-W_MW2241_V1_C,0,41.91664505004883,-87.774169921875
2018-04-09 18:53:56.497206,ME_ME337_V1_C,120,41.81825637817383,-87.59730529785156
2018-04-09 18:53:56.509278,UP-NW_UNW658_V1_C,120,42.35932159423828,-88.50434112548828
2018-04-09 18:53:56.524315,MD-N_MN2141_V1_C,0,41.93183517456055,-87.73149871826172
2018-04-09 18:53:56.549345,UP-NW_UNW647_V1_C,180,41.93648147583008,-87.7016372680664
2018-04-09 18:53:56.563382,NCS_NC115_V1_C,120,41.916473388671875,-87.78025817871094
2018-04-09 18:53:56.574562,BNSF_BN1271_V1_C,60,41.831783294677734,-87.80023193359375
2018-04-09 18:53:56.582432,ME_ME236_V1_C,60,41.67408752441406,-87.64313507080078
2018-04-09 18:53:56.590454,UP-W_UW55_V1_C,60,41.887691497802734,-87.74726867675781
2018-04-09 18:53:56.598475,UP-N_UN349_V1_C,60,41.93722915649414,-87.67359161376953
2018-04-09 18:53:56.608526,UP-N_UN352_V1_C,180,42.13444519042969,-87.75724029541016
2018-04-09 18:53:56.620558,RI_RI617_V1_C,60,41.80336380004883,-87.62864685058594
2018-04-09 18:53:56.634611,RI_RI419_V1_C,120,41.849735260009766,-87.62992095947266
2018-04-09 18:53:56.648646,ME_ME136_V1_C,60,41.496341705322266,-87.7034912109375
2018-04-09 18:53:56.663650,ME_ME709_V1_C,60,41.85334014892578,-87.6176986694336
2018-04-09 18:53:56.675735,BNSF_BN1273_V1_C,120,41.85836410522461,-87.68368530273438
2018-04-09 18:53:56.687752,UP-N_UN351_V1_C,120,41.8867073059082,-87.64060974121094
2018-04-09 18:53:56.703756,ME_ME739_V1_C,0,41.86798095703125,-87.62140655517578
2018-04-09 18:53:56.719848,SWS_SW836_V1_C,0,41.6160774230957,-87.8719482421875
2018-04-09 18:53:56.734862,SWS_SW829_V1_C,120,41.85554122924805,-87.63717651367188
2018-04-09 18:53:56.773981,ME_ME237_V1_C,0,41.868953704833984,-87.6217269897461
2018-04-09 18:53:56.811042,BNSF_BN1275_V1_C,120,41.86040115356445,-87.63890838623047
2018-04-09 18:53:56.842642,BNSF_BN1257_V1_C,360,41.778133392333984,-88.20745849609375
2018-04-09 18:54:55.730237,UP-NW_UNW627_V1_C,0,42.31706619262695,-88.4474868774414
2018-04-09 18:54:55.780304,MD-W_MW2227_V1_C,540,42.05701446533203,-88.2976303100586
2018-04-09 18:54:55.815381,UP-W_UW56_V1_C,0,41.88817596435547,-87.64095306396484
2018-04-09 18:54:55.850488,NCS_NC109_V1_C,240,42.322139739990234,-88.0207290649414
2018-04-09 18:54:55.885520,UP-W_UW45_V1_C,0,41.881675720214844,-88.30635833740234
2018-04-09 18:54:55.919611,MD-N_MN2146_V1_C,360,41.88846206665039,-87.6855239868164
2018-04-09 18:54:55.951670,MD-N_MN2129_V1_C,240,42.33200454711914,-88.03899383544922
2018-04-09 18:54:55.981840,UP-NW_UNW629_V1_C,480,42.14738845825195,-88.12161254882812
2018-04-09 18:54:56.012830,RI_RI611_V1_C,1380,41.671043395996094,-87.67350006103516
2018-04-09 18:54:56.045946,UP-NW_UNW631_V1_C,120,42.22557067871094,-88.27833557128906
2018-04-09 18:54:56.078002,HC_HC917_V1_C,600,41.637725830078125,-88.04931640625
2018-04-09 18:54:56.089040,MD-N_MN2131_V1_C,0,42.286251068115234,-87.9332504272461
2018-04-09 18:54:56.100062,UP-NW_UNW633_V1_C,240,42.11262893676758,-88.04793548583984
2018-04-09 18:54:56.109162,BNSF_BN1253_V1_C,300,41.79561233520508,-88.00914764404297
2018-04-09 18:54:56.119139,MD-W_MW2231_V1_C,180,41.99932098388672,-88.21126556396484
2018-04-09 18:54:56.129208,RI_RI413_V1_C,180,41.51462936401367,-87.96427917480469
2018-04-09 18:54:56.141245,RI_RI303_V1_C,60,41.578224182128906,-87.77760314941406
2018-04-09 18:54:56.151244,MD-W_MW2233_V1_C,60,41.989288330078125,-88.11801147460938
2018-04-09 18:54:56.160288,UP-NW_UNW635_V1_C,180,42.126312255859375,-88.07846069335938
2018-04-09 18:54:56.171250,UP-W_UW47_V1_C,120,41.87115478515625,-88.16181182861328
2018-04-09 18:54:56.182307,SWS_SW825_V1_C,0,41.669761657714844,-87.81966400146484
2018-04-09 18:54:56.193615,RI_RI613_V1_C,540,41.69875717163086,-87.66983032226562
2018-04-09 18:54:56.205339,BNSF_BN1259_V1_C,120,41.78755187988281,-88.1131362915039
2018-04-09 18:54:56.216400,ME_ME705_V1_C,0,41.49742889404297,-87.70309448242188
2018-04-09 18:54:56.227401,NCS_NC118_V2_C,0,42.143226623535156,-87.93006896972656
2018-04-09 18:54:56.236453,UP-N_UN341_V1_C,60,42.22028350830078,-87.82327270507812
2018-04-09 18:54:56.251532,UP-W_UW49_V1_C,120,41.875938415527344,-88.06854248046875
2018-04-09 18:54:56.265567,MD-W_MW2246_V1_C,120,41.96454620361328,-87.98123168945312
2018-04-09 18:54:56.283859,UP-N_UN343_V1_C,240,42.1307487487793,-87.75420379638672
2018-04-09 18:54:56.297583,MD-W_MW2235_V1_C,0,41.97721481323242,-88.04560852050781
2018-04-09 18:54:56.310618,RI_RI415_V1_C,120,41.611236572265625,-87.73030853271484
2018-04-09 18:54:56.320646,ME_ME505_V1_C,180,41.674278259277344,-87.63179779052734
2018-04-09 18:54:56.346714,UP-NW_UNW639_V1_C,180,41.893287658691406,-87.64756774902344
2018-04-09 18:54:56.361789,UP-W_UW51_V1_C,120,41.8964729309082,-87.97652435302734
2018-04-09 18:54:56.375858,BNSF_BN1265_V1_C,180,41.810909271240234,-87.89341735839844
2018-04-09 18:54:56.388828,UP-N_UN345_V1_C,180,42.06912612915039,-87.70250701904297
2018-04-09 18:54:56.400937,SWS_SW827_V1_C,0,41.746463775634766,-87.70684051513672
2018-04-09 18:54:56.411981,MD-N_MN2135_V1_C,180,42.097938537597656,-87.81587219238281
2018-04-09 18:54:56.422917,UP-W_UW53_V1_C,240,41.89015579223633,-87.85513305664062
2018-04-09 18:54:56.438992,RI_RI615_V1_C,360,41.73223876953125,-87.65917205810547
2018-04-09 18:54:56.510153,BNSF_BN1288_V1_C,0,41.795509338378906,-88.01612854003906
2018-04-09 18:54:56.543270,MD-N_MN2148_V1_C,120,41.981407165527344,-87.75724792480469
2018-04-09 18:54:56.568305,RI_RI524_V1_C,0,41.57654571533203,-87.7816390991211
2018-04-09 18:54:56.582409,ME_ME407_V1_C,0,41.762508392333984,-87.56324768066406
2018-04-09 18:54:56.599390,ME_ME334_V1_C,0,41.83143615722656,-87.60719299316406
2018-04-09 18:54:56.613424,UP-N_UN347_V1_C,120,42.04167938232422,-87.68205261230469
2018-04-09 18:54:56.624521,ME_ME707_V1_C,120,41.651126861572266,-87.62091827392578
2018-04-09 18:54:56.646580,UP-N_UN350_V1_C,180,42.047401428222656,-87.68437194824219
2018-04-09 18:54:56.659548,MD-N_MN2137_V1_C,180,42.03903579711914,-87.787109375
2018-04-09 18:54:56.667599,MD-W_MW2237_V1_C,120,41.95174026489258,-87.91397094726562
2018-04-09 18:54:56.677597,ME_ME737_V1_C,120,41.678306579589844,-87.61382293701172
2018-04-09 18:54:56.690631,UP-NW_UNW643_V1_C,0,42.02794647216797,-87.86322784423828
2018-04-09 18:54:56.700656,RI_RI417_V1_C,120,41.65590286254883,-87.67633056640625
2018-04-09 18:54:56.707702,UP-W_UW58_V1_C,0,41.87936019897461,-88.19384765625
2018-04-09 18:54:56.713690,BNSF_BN1269_V1_C,0,41.811187744140625,-87.89187622070312
2018-04-09 18:54:56.719708,ME_ME757_V1_C,0,41.69043731689453,-87.61113739013672
2018-04-09 18:54:56.727728,UP-NW_UNW645_V1_C,60,41.97351837158203,-87.76705932617188
2018-04-09 18:54:56.735749,BNSF_BN1267_V1_C,180,41.79974365234375,-87.94271850585938
2018-04-09 18:54:56.744773,MD-W_MW2239_V1_C,120,41.933082580566406,-87.84552764892578
2018-04-09 18:54:56.751791,HC_HC919_V1_C,0,41.805320739746094,-87.77892303466797
2018-04-09 18:54:56.760816,MD-W_MW2241_V1_C,0,41.91664505004883,-87.774169921875
2018-04-09 18:54:56.768837,ME_ME337_V1_C,120,41.81825637817383,-87.59730529785156
2018-04-09 18:54:56.776241,UP-NW_UNW658_V1_C,120,42.35932159423828,-88.50434112548828
2018-04-09 18:54:56.783880,MD-N_MN2141_V1_C,0,41.93183517456055,-87.73149871826172
2018-04-09 18:54:56.790991,UP-NW_UNW647_V1_C,180,41.93648147583008,-87.7016372680664
2018-04-09 18:54:56.798986,NCS_NC115_V1_C,120,41.916473388671875,-87.78025817871094
2018-04-09 18:54:56.806941,BNSF_BN1271_V1_C,60,41.831783294677734,-87.80023193359375
2018-04-09 18:54:56.814993,ME_ME236_V1_C,60,41.67408752441406,-87.64313507080078
2018-04-09 18:54:56.822985,UP-W_UW55_V1_C,60,41.887691497802734,-87.74726867675781
2018-04-09 18:54:56.832039,UP-N_UN349_V1_C,60,41.93722915649414,-87.67359161376953
2018-04-09 18:54:56.841097,UP-N_UN352_V1_C,180,42.13444519042969,-87.75724029541016
2018-04-09 18:54:56.849131,RI_RI617_V1_C,60,41.80336380004883,-87.62864685058594
2018-04-09 18:54:56.855095,RI_RI419_V1_C,120,41.849735260009766,-87.62992095947266
2018-04-09 18:54:56.862086,ME_ME136_V1_C,60,41.496341705322266,-87.7034912109375
2018-04-09 18:54:56.868184,ME_ME709_V1_C,60,41.85334014892578,-87.6176986694336
2018-04-09 18:54:56.874191,BNSF_BN1273_V1_C,120,41.85836410522461,-87.68368530273438
2018-04-09 18:54:56.882171,UP-N_UN351_V1_C,120,41.8867073059082,-87.64060974121094
2018-04-09 18:54:56.889244,ME_ME739_V1_C,0,41.86798095703125,-87.62140655517578
2018-04-09 18:54:56.896203,SWS_SW836_V1_C,0,41.6160774230957,-87.8719482421875
2018-04-09 18:54:56.902275,SWS_SW829_V1_C,120,41.85554122924805,-87.63717651367188
2018-04-09 18:54:56.908239,ME_ME237_V1_C,0,41.868953704833984,-87.6217269897461
2018-04-09 18:54:56.914309,BNSF_BN1275_V1_C,120,41.86040115356445,-87.63890838623047
2018-04-09 18:54:56.921244,BNSF_BN1257_V1_C,360,41.778133392333984,-88.20745849609375
2018-04-09 18:55:55.731070,UP-NW_UNW627_V1_C,0,42.31706619262695,-88.4474868774414
2018-04-09 18:55:55.748952,MD-W_MW2227_V1_C,540,42.05701446533203,-88.2976303100586
2018-04-09 18:55:55.763985,UP-W_UW56_V1_C,0,41.88817596435547,-87.64095306396484
2018-04-09 18:55:55.779027,NCS_NC109_V1_C,240,42.322139739990234,-88.0207290649414
2018-04-09 18:55:55.788048,UP-W_UW45_V1_C,0,41.881675720214844,-88.30635833740234
2018-04-09 18:55:55.801086,MD-N_MN2146_V1_C,360,41.88846206665039,-87.6855239868164
2018-04-09 18:55:55.816121,MD-N_MN2129_V1_C,240,42.33200454711914,-88.03899383544922
2018-04-09 18:55:55.827205,UP-NW_UNW629_V1_C,480,42.14738845825195,-88.12161254882812
2018-04-09 18:55:55.837384,RI_RI611_V1_C,1380,41.671043395996094,-87.67350006103516
2018-04-09 18:55:55.845200,UP-NW_UNW631_V1_C,120,42.22557067871094,-88.27833557128906
2018-04-09 18:55:55.853223,HC_HC917_V1_C,600,41.637725830078125,-88.04931640625
2018-04-09 18:55:55.867343,MD-N_MN2131_V1_C,0,42.286251068115234,-87.9332504272461
2018-04-09 18:55:55.881371,UP-NW_UNW633_V1_C,240,42.11262893676758,-88.04793548583984
2018-04-09 18:55:55.892381,BNSF_BN1253_V1_C,300,41.79561233520508,-88.00914764404297
2018-04-09 18:55:55.907417,MD-W_MW2231_V1_C,180,41.99932098388672,-88.21126556396484
2018-04-09 18:55:55.917487,RI_RI413_V1_C,180,41.51462936401367,-87.96427917480469
2018-04-09 18:55:55.928479,RI_RI303_V1_C,60,41.578224182128906,-87.77760314941406
2018-04-09 18:55:55.939451,MD-W_MW2233_V1_C,60,41.989288330078125,-88.11801147460938
2018-04-09 18:55:55.950480,UP-NW_UNW635_V1_C,180,42.126312255859375,-88.07846069335938
2018-04-09 18:55:55.960511,UP-W_UW47_V1_C,120,41.87115478515625,-88.16181182861328
2018-04-09 18:55:55.972546,SWS_SW825_V1_C,0,41.669761657714844,-87.81966400146484
2018-04-09 18:55:55.981595,RI_RI613_V1_C,540,41.69875717163086,-87.66983032226562
2018-04-09 18:55:55.989646,BNSF_BN1259_V1_C,120,41.78755187988281,-88.1131362915039
2018-04-09 18:55:55.996601,ME_ME705_V1_C,0,41.49742889404297,-87.70309448242188
2018-04-09 18:55:56.006661,NCS_NC118_V2_C,0,42.143226623535156,-87.93006896972656
2018-04-09 18:55:56.016655,UP-N_UN341_V1_C,60,42.22028350830078,-87.82327270507812
2018-04-09 18:55:56.034761,UP-W_UW49_V1_C,120,41.875938415527344,-88.06854248046875
2018-04-09 18:55:56.052194,MD-W_MW2246_V1_C,120,41.96454620361328,-87.98123168945312
2018-04-09 18:55:56.065800,UP-N_UN343_V1_C,240,42.1307487487793,-87.75420379638672
2018-04-09 18:55:56.077817,MD-W_MW2235_V1_C,0,41.97721481323242,-88.04560852050781
2018-04-09 18:55:56.088877,RI_RI415_V1_C,120,41.611236572265625,-87.73030853271484
2018-04-09 18:55:56.099879,ME_ME505_V1_C,180,41.674278259277344,-87.63179779052734
2018-04-09 18:55:56.112947,UP-NW_UNW639_V1_C,180,41.893287658691406,-87.64756774902344
2018-04-09 18:55:56.132037,UP-W_UW51_V1_C,120,41.8964729309082,-87.97652435302734
2018-04-09 18:55:56.149040,BNSF_BN1265_V1_C,180,41.810909271240234,-87.89341735839844
2018-04-09 18:55:56.160036,UP-N_UN345_V1_C,180,42.06912612915039,-87.70250701904297
2018-04-09 18:55:56.171145,SWS_SW827_V1_C,0,41.746463775634766,-87.70684051513672
2018-04-09 18:55:56.187166,MD-N_MN2135_V1_C,180,42.097938537597656,-87.81587219238281
2018-04-09 18:55:56.205157,UP-W_UW53_V1_C,240,41.89015579223633,-87.85513305664062
2018-04-09 18:55:56.221201,RI_RI615_V1_C,360,41.73223876953125,-87.65917205810547
2018-04-09 18:55:56.238244,BNSF_BN1288_V1_C,0,41.795509338378906,-88.01612854003906
2018-04-09 18:55:56.254314,MD-N_MN2148_V1_C,120,41.981407165527344,-87.75724792480469
2018-04-09 18:55:56.270390,RI_RI524_V1_C,0,41.57654571533203,-87.7816390991211
2018-04-09 18:55:56.288441,ME_ME407_V1_C,0,41.762508392333984,-87.56324768066406
2018-04-09 18:55:56.305451,ME_ME334_V1_C,0,41.83143615722656,-87.60719299316406
2018-04-09 18:55:56.324504,UP-N_UN347_V1_C,120,42.04167938232422,-87.68205261230469
2018-04-09 18:55:56.340516,ME_ME707_V1_C,120,41.651126861572266,-87.62091827392578
2018-04-09 18:55:56.355557,UP-N_UN350_V1_C,180,42.047401428222656,-87.68437194824219
2018-04-09 18:55:56.366585,MD-N_MN2137_V1_C,180,42.03903579711914,-87.787109375
2018-04-09 18:55:56.378617,MD-W_MW2237_V1_C,120,41.95174026489258,-87.91397094726562
2018-04-09 18:55:56.389731,ME_ME737_V1_C,120,41.678306579589844,-87.61382293701172
2018-04-09 18:55:56.404689,UP-NW_UNW643_V1_C,0,42.02794647216797,-87.86322784423828
2018-04-09 18:55:56.422735,RI_RI417_V1_C,120,41.65590286254883,-87.67633056640625
2018-04-09 18:55:56.442789,UP-W_UW58_V1_C,0,41.87936019897461,-88.19384765625
2018-04-09 18:55:56.454821,BNSF_BN1269_V1_C,0,41.811187744140625,-87.89187622070312
2018-04-09 18:55:56.474904,ME_ME757_V1_C,0,41.69043731689453,-87.61113739013672
2018-04-09 18:55:56.497941,UP-NW_UNW645_V1_C,60,41.97351837158203,-87.76705932617188
2018-04-09 18:55:56.510968,BNSF_BN1267_V1_C,180,41.79974365234375,-87.94271850585938
2018-04-09 18:55:56.526039,MD-W_MW2239_V1_C,120,41.933082580566406,-87.84552764892578
2018-04-09 18:55:56.543055,HC_HC919_V1_C,0,41.805320739746094,-87.77892303466797
2018-04-09 18:55:56.559097,MD-W_MW2241_V1_C,0,41.91664505004883,-87.774169921875
2018-04-09 18:55:56.574506,ME_ME337_V1_C,120,41.81825637817383,-87.59730529785156
2018-04-09 18:55:56.590208,UP-NW_UNW658_V1_C,120,42.35932159423828,-88.50434112548828
2018-04-09 18:55:56.604245,MD-N_MN2141_V1_C,0,41.93183517456055,-87.73149871826172
2018-04-09 18:55:56.615307,UP-NW_UNW647_V1_C,180,41.93648147583008,-87.7016372680664
2018-04-09 18:55:56.632294,NCS_NC115_V1_C,120,41.916473388671875,-87.78025817871094
2018-04-09 18:55:56.648334,BNSF_BN1271_V1_C,60,41.831783294677734,-87.80023193359375
2018-04-09 18:55:56.662373,ME_ME236_V1_C,60,41.67408752441406,-87.64313507080078
2018-04-09 18:55:56.675467,UP-W_UW55_V1_C,60,41.887691497802734,-87.74726867675781
2018-04-09 18:55:56.690478,UP-N_UN349_V1_C,60,41.93722915649414,-87.67359161376953
2018-04-09 18:55:56.708525,UP-N_UN352_V1_C,180,42.13444519042969,-87.75724029541016
2018-04-09 18:55:56.728600,RI_RI617_V1_C,60,41.80336380004883,-87.62864685058594
2018-04-09 18:55:56.744670,RI_RI419_V1_C,120,41.849735260009766,-87.62992095947266
2018-04-09 18:55:56.762698,ME_ME136_V1_C,60,41.496341705322266,-87.7034912109375
2018-04-09 18:55:56.780689,ME_ME709_V1_C,60,41.85334014892578,-87.6176986694336
2018-04-09 18:55:56.797734,BNSF_BN1273_V1_C,120,41.85836410522461,-87.68368530273438
2018-04-09 18:55:56.814836,UP-N_UN351_V1_C,120,41.8867073059082,-87.64060974121094
2018-04-09 18:55:56.832826,ME_ME739_V1_C,0,41.86798095703125,-87.62140655517578
2018-04-09 18:55:56.850873,SWS_SW836_V1_C,0,41.6160774230957,-87.8719482421875
2018-04-09 18:55:56.866919,SWS_SW829_V1_C,120,41.85554122924805,-87.63717651367188
2018-04-09 18:55:56.881959,ME_ME237_V1_C,0,41.868953704833984,-87.6217269897461
2018-04-09 18:55:56.895027,BNSF_BN1275_V1_C,120,41.86040115356445,-87.63890838623047
2018-04-09 18:55:56.908025,BNSF_BN1257_V1_C,360,41.778133392333984,-88.20745849609375
2018-04-09 18:56:55.731641,UP-NW_UNW627_V1_C,0,42.31706619262695,-88.4474868774414
2018-04-09 18:56:55.763556,MD-W_MW2227_V1_C,540,42.05701446533203,-88.2976303100586
2018-04-09 18:56:55.781673,UP-W_UW56_V1_C,0,41.88817596435547,-87.64095306396484
2018-04-09 18:56:55.798712,NCS_NC109_V1_C,240,42.322139739990234,-88.0207290649414
2018-04-09 18:56:55.816762,UP-W_UW45_V1_C,0,41.881675720214844,-88.30635833740234
2018-04-09 18:56:55.833815,MD-N_MN2146_V1_C,360,41.88846206665039,-87.6855239868164
2018-04-09 18:56:55.847862,MD-N_MN2129_V1_C,240,42.33200454711914,-88.03899383544922
2018-04-09 18:56:55.860811,UP-NW_UNW629_V1_C,480,42.14738845825195,-88.12161254882812
2018-04-09 18:56:55.878860,RI_RI611_V1_C,1380,41.671043395996094,-87.67350006103516
2018-04-09 18:56:55.894974,UP-NW_UNW631_V1_C,120,42.22557067871094,-88.27833557128906
2018-04-09 18:56:55.914014,HC_HC917_V1_C,600,41.637725830078125,-88.04931640625
2018-04-09 18:56:55.931057,MD-N_MN2131_V1_C,0,42.286251068115234,-87.9332504272461
2018-04-09 18:56:55.947043,UP-NW_UNW633_V1_C,240,42.11262893676758,-88.04793548583984
2018-04-09 18:56:55.963142,BNSF_BN1253_V1_C,300,41.79561233520508,-88.00914764404297
2018-04-09 18:56:55.981194,MD-W_MW2231_V1_C,180,41.99932098388672,-88.21126556396484
2018-04-09 18:56:55.998177,RI_RI413_V1_C,180,41.51462936401367,-87.96427917480469
2018-04-09 18:56:56.016285,RI_RI303_V1_C,60,41.578224182128906,-87.77760314941406
2018-04-09 18:56:56.034276,MD-W_MW2233_V1_C,60,41.989288330078125,-88.11801147460938
2018-04-09 18:56:56.051384,UP-NW_UNW635_V1_C,180,42.126312255859375,-88.07846069335938
2018-04-09 18:56:56.068364,UP-W_UW47_V1_C,120,41.87115478515625,-88.16181182861328
2018-04-09 18:56:56.085409,SWS_SW825_V1_C,0,41.669761657714844,-87.81966400146484
2018-04-09 18:56:56.103457,RI_RI613_V1_C,540,41.69875717163086,-87.66983032226562
2018-04-09 18:56:56.119562,BNSF_BN1259_V1_C,120,41.78755187988281,-88.1131362915039
2018-04-09 18:56:56.137551,ME_ME705_V1_C,0,41.49742889404297,-87.70309448242188
2018-04-09 18:56:56.153618,NCS_NC118_V2_C,0,42.143226623535156,-87.93006896972656
2018-04-09 18:56:56.171851,UP-N_UN341_V1_C,60,42.22028350830078,-87.82327270507812
2018-04-09 18:56:56.183760,UP-W_UW49_V1_C,120,41.875938415527344,-88.06854248046875
2018-04-09 18:56:56.197786,MD-W_MW2246_V1_C,120,41.96454620361328,-87.98123168945312
2018-04-09 18:56:56.214809,UP-N_UN343_V1_C,240,42.1307487487793,-87.75420379638672
2018-04-09 18:56:56.232832,MD-W_MW2235_V1_C,0,41.97721481323242,-88.04560852050781
2018-04-09 18:56:56.250853,RI_RI415_V1_C,120,41.611236572265625,-87.73030853271484
2018-04-09 18:56:56.266953,ME_ME505_V1_C,180,41.674278259277344,-87.63179779052734
2018-04-09 18:56:56.285007,UP-NW_UNW639_V1_C,180,41.893287658691406,-87.64756774902344
2018-04-09 18:56:56.303048,UP-W_UW51_V1_C,120,41.8964729309082,-87.97652435302734
2018-04-09 18:56:56.321035,BNSF_BN1265_V1_C,180,41.810909271240234,-87.89341735839844
2018-04-09 18:56:56.336149,UP-N_UN345_V1_C,180,42.06912612915039,-87.70250701904297
2018-04-09 18:56:56.354123,SWS_SW827_V1_C,0,41.746463775634766,-87.70684051513672
2018-04-09 18:56:56.374180,MD-N_MN2135_V1_C,180,42.097938537597656,-87.81587219238281
2018-04-09 18:56:56.391222,UP-W_UW53_V1_C,240,41.89015579223633,-87.85513305664062
2018-04-09 18:56:56.404261,RI_RI615_V1_C,360,41.73223876953125,-87.65917205810547
2018-04-09 18:56:56.415537,BNSF_BN1288_V1_C,0,41.795509338378906,-88.01612854003906
2018-04-09 18:56:56.426347,MD-N_MN2148_V1_C,120,41.981407165527344,-87.75724792480469
2018-04-09 18:56:56.440410,RI_RI524_V1_C,0,41.57654571533203,-87.7816390991211
2018-04-09 18:56:56.456423,ME_ME407_V1_C,0,41.762508392333984,-87.56324768066406
2018-04-09 18:56:56.473443,ME_ME334_V1_C,0,41.83143615722656,-87.60719299316406
2018-04-09 18:56:56.489513,UP-N_UN347_V1_C,120,42.04167938232422,-87.68205261230469
2018-04-09 18:56:56.506529,ME_ME707_V1_C,120,41.651126861572266,-87.62091827392578
2018-04-09 18:56:56.524581,UP-N_UN350_V1_C,180,42.047401428222656,-87.68437194824219
2018-04-09 18:56:56.541622,MD-N_MN2137_V1_C,180,42.03903579711914,-87.787109375
2018-04-09 18:56:56.557735,MD-W_MW2237_V1_C,120,41.95174026489258,-87.91397094726562
2018-04-09 18:56:56.573772,ME_ME737_V1_C,120,41.678306579589844,-87.61382293701172
2018-04-09 18:56:56.591758,UP-NW_UNW643_V1_C,0,42.02794647216797,-87.86322784423828
2018-04-09 18:56:56.608829,RI_RI417_V1_C,120,41.65590286254883,-87.67633056640625
2018-04-09 18:56:56.625906,UP-W_UW58_V1_C,0,41.87936019897461,-88.19384765625
2018-04-09 18:56:56.641890,BNSF_BN1269_V1_C,0,41.811187744140625,-87.89187622070312
2018-04-09 18:56:56.657992,ME_ME757_V1_C,0,41.69043731689453,-87.61113739013672
2018-04-09 18:56:56.674002,UP-NW_UNW645_V1_C,60,41.97351837158203,-87.76705932617188
2018-04-09 18:56:56.691019,BNSF_BN1267_V1_C,180,41.79974365234375,-87.94271850585938
2018-04-09 18:56:56.708125,MD-W_MW2239_V1_C,120,41.933082580566406,-87.84552764892578
2018-04-09 18:56:56.725138,HC_HC919_V1_C,0,41.805320739746094,-87.77892303466797
2018-04-09 18:56:56.742201,MD-W_MW2241_V1_C,0,41.91664505004883,-87.774169921875
2018-04-09 18:56:56.759201,ME_ME337_V1_C,120,41.81825637817383,-87.59730529785156
2018-04-09 18:56:56.777251,UP-NW_UNW658_V1_C,120,42.35932159423828,-88.50434112548828
2018-04-09 18:56:56.793363,MD-N_MN2141_V1_C,0,41.93183517456055,-87.73149871826172
2018-04-09 18:56:56.811343,UP-NW_UNW647_V1_C,180,41.93648147583008,-87.7016372680664
2018-04-09 18:56:56.827408,NCS_NC115_V1_C,120,41.916473388671875,-87.78025817871094
2018-04-09 18:56:56.844488,BNSF_BN1271_V1_C,60,41.831783294677734,-87.80023193359375
2018-04-09 18:56:56.860531,ME_ME236_V1_C,60,41.67408752441406,-87.64313507080078
2018-04-09 18:56:56.877520,UP-W_UW55_V1_C,60,41.887691497802734,-87.74726867675781
2018-04-09 18:56:56.894602,UP-N_UN349_V1_C,60,41.93722915649414,-87.67359161376953
2018-04-09 18:56:56.909670,UP-N_UN352_V1_C,180,42.13444519042969,-87.75724029541016
2018-04-09 18:56:56.928655,RI_RI617_V1_C,60,41.80336380004883,-87.62864685058594
2018-04-09 18:56:56.944694,RI_RI419_V1_C,120,41.849735260009766,-87.62992095947266
2018-04-09 18:56:56.960767,ME_ME136_V1_C,60,41.496341705322266,-87.7034912109375
2018-04-09 18:56:56.978784,ME_ME709_V1_C,60,41.85334014892578,-87.6176986694336
2018-04-09 18:56:56.996893,BNSF_BN1273_V1_C,120,41.85836410522461,-87.68368530273438
2018-04-09 18:56:57.014941,UP-N_UN351_V1_C,120,41.8867073059082,-87.64060974121094
2018-04-09 18:56:57.030993,ME_ME739_V1_C,0,41.86798095703125,-87.62140655517578
2018-04-09 18:56:57.048971,SWS_SW836_V1_C,0,41.6160774230957,-87.8719482421875
2018-04-09 18:56:57.067038,SWS_SW829_V1_C,120,41.85554122924805,-87.63717651367188
2018-04-09 18:56:57.084141,ME_ME237_V1_C,0,41.868953704833984,-87.6217269897461
2018-04-09 18:56:57.101189,BNSF_BN1275_V1_C,120,41.86040115356445,-87.63890838623047
2018-04-09 18:56:57.116221,BNSF_BN1257_V1_C,360,41.778133392333984,-88.20745849609375
2018-04-09 18:57:55.732286,UP-NW_UNW627_V1_C,0,42.31706619262695,-88.4474868774414
2018-04-09 18:57:55.747347,MD-W_MW2227_V1_C,540,42.05701446533203,-88.2976303100586
2018-04-09 18:57:55.762446,UP-W_UW56_V1_C,0,41.88817596435547,-87.64095306396484
2018-04-09 18:57:55.779436,NCS_NC109_V1_C,240,42.322139739990234,-88.0207290649414
2018-04-09 18:57:55.795423,UP-W_UW45_V1_C,0,41.881675720214844,-88.30635833740234
2018-04-09 18:57:55.810463,MD-N_MN2146_V1_C,360,41.88846206665039,-87.6855239868164
2018-04-09 18:57:55.825502,MD-N_MN2129_V1_C,240,42.33200454711914,-88.03899383544922
2018-04-09 18:57:55.842550,UP-NW_UNW629_V1_C,480,42.14738845825195,-88.12161254882812
2018-04-09 18:57:55.858591,RI_RI611_V1_C,1380,41.671043395996094,-87.67350006103516
2018-04-09 18:57:55.873631,UP-NW_UNW631_V1_C,120,42.22557067871094,-88.27833557128906
2018-04-09 18:57:55.889673,HC_HC917_V1_C,600,41.637725830078125,-88.04931640625
2018-04-09 18:57:55.904713,MD-N_MN2131_V1_C,0,42.286251068115234,-87.9332504272461
2018-04-09 18:57:55.918754,UP-NW_UNW633_V1_C,240,42.11262893676758,-88.04793548583984
2018-04-09 18:57:55.937801,BNSF_BN1253_V1_C,300,41.79561233520508,-88.00914764404297
2018-04-09 18:57:55.955852,MD-W_MW2231_V1_C,180,41.99932098388672,-88.21126556396484
2018-04-09 18:57:55.969925,RI_RI413_V1_C,180,41.51462936401367,-87.96427917480469
2018-04-09 18:57:55.983924,RI_RI303_V1_C,60,41.578224182128906,-87.77760314941406
2018-04-09 18:57:56.006036,MD-W_MW2233_V1_C,60,41.989288330078125,-88.11801147460938
2018-04-09 18:57:56.023027,UP-NW_UNW635_V1_C,180,42.126312255859375,-88.07846069335938
2018-04-09 18:57:56.044152,UP-W_UW47_V1_C,120,41.87115478515625,-88.16181182861328
2018-04-09 18:57:56.062131,SWS_SW825_V1_C,0,41.669761657714844,-87.81966400146484
2018-04-09 18:57:56.077246,RI_RI613_V1_C,540,41.69875717163086,-87.66983032226562
2018-04-09 18:57:56.098229,BNSF_BN1259_V1_C,120,41.78755187988281,-88.1131362915039
2018-04-09 18:57:56.113267,ME_ME705_V1_C,0,41.49742889404297,-87.70309448242188
2018-04-09 18:57:56.130313,NCS_NC118_V2_C,0,42.143226623535156,-87.93006896972656
2018-04-09 18:57:56.150421,UP-N_UN341_V1_C,60,42.22028350830078,-87.82327270507812
2018-04-09 18:57:56.166410,UP-W_UW49_V1_C,120,41.875938415527344,-88.06854248046875
2018-04-09 18:57:56.179507,MD-W_MW2246_V1_C,120,41.96454620361328,-87.98123168945312
2018-04-09 18:57:56.194564,UP-N_UN343_V1_C,240,42.1307487487793,-87.75420379638672
2018-04-09 18:57:56.212531,MD-W_MW2235_V1_C,0,41.97721481323242,-88.04560852050781
2018-04-09 18:57:56.230631,RI_RI415_V1_C,120,41.611236572265625,-87.73030853271484
2018-04-09 18:57:56.249633,ME_ME505_V1_C,180,41.674278259277344,-87.63179779052734
2018-04-09 18:57:56.273696,UP-NW_UNW639_V1_C,180,41.893287658691406,-87.64756774902344
2018-04-09 18:57:56.289811,UP-W_UW51_V1_C,120,41.8964729309082,-87.97652435302734
2018-04-09 18:57:56.304777,BNSF_BN1265_V1_C,180,41.810909271240234,-87.89341735839844
2018-04-09 18:57:56.318814,UP-N_UN345_V1_C,180,42.06912612915039,-87.70250701904297
2018-04-09 18:57:56.331849,SWS_SW827_V1_C,0,41.746463775634766,-87.70684051513672
2018-04-09 18:57:56.353910,MD-N_MN2135_V1_C,180,42.097938537597656,-87.81587219238281
2018-04-09 18:57:56.371955,UP-W_UW53_V1_C,240,41.89015579223633,-87.85513305664062
2018-04-09 18:57:56.390004,RI_RI615_V1_C,360,41.73223876953125,-87.65917205810547
2018-04-09 18:57:56.413065,BNSF_BN1288_V1_C,0,41.795509338378906,-88.01612854003906
2018-04-09 18:57:56.430113,MD-N_MN2148_V1_C,120,41.981407165527344,-87.75724792480469
2018-04-09 18:57:56.446208,RI_RI524_V1_C,0,41.57654571533203,-87.7816390991211
2018-04-09 18:57:56.459189,ME_ME407_V1_C,0,41.762508392333984,-87.56324768066406
2018-04-09 18:57:56.475253,ME_ME334_V1_C,0,41.83143615722656,-87.60719299316406
2018-04-09 18:57:56.490509,UP-N_UN347_V1_C,120,42.04167938232422,-87.68205261230469
2018-04-09 18:57:56.505311,ME_ME707_V1_C,120,41.651126861572266,-87.62091827392578
2018-04-09 18:57:56.525363,UP-N_UN350_V1_C,180,42.047401428222656,-87.68437194824219
2018-04-09 18:57:56.546420,MD-N_MN2137_V1_C,180,42.03903579711914,-87.787109375
2018-04-09 18:57:56.567476,MD-W_MW2237_V1_C,120,41.95174026489258,-87.91397094726562
2018-04-09 18:57:56.590606,ME_ME737_V1_C,120,41.678306579589844,-87.61382293701172
2018-04-09 18:57:56.610590,UP-NW_UNW643_V1_C,0,42.02794647216797,-87.86322784423828
2018-04-09 18:57:56.631646,RI_RI417_V1_C,120,41.65590286254883,-87.67633056640625
2018-04-09 18:57:56.655710,UP-W_UW58_V1_C,0,41.87936019897461,-88.19384765625
2018-04-09 18:57:56.673759,BNSF_BN1269_V1_C,0,41.811187744140625,-87.89187622070312
2018-04-09 18:57:56.692865,ME_ME757_V1_C,0,41.69043731689453,-87.61113739013672
2018-04-09 18:57:56.709854,UP-NW_UNW645_V1_C,60,41.97351837158203,-87.76705932617188
2018-04-09 18:57:56.725977,BNSF_BN1267_V1_C,180,41.79974365234375,-87.94271850585938
2018-04-09 18:57:56.747002,MD-W_MW2239_V1_C,120,41.933082580566406,-87.84552764892578
2018-04-09 18:57:56.766067,HC_HC919_V1_C,0,41.805320739746094,-87.77892303466797
2018-04-09 18:57:56.784054,MD-W_MW2241_V1_C,0,41.91664505004883,-87.774169921875
2018-04-09 18:57:56.806110,ME_ME337_V1_C,120,41.81825637817383,-87.59730529785156
2018-04-09 18:57:56.825210,UP-NW_UNW658_V1_C,120,42.35932159423828,-88.50434112548828
2018-04-09 18:57:56.849226,MD-N_MN2141_V1_C,0,41.93183517456055,-87.73149871826172
2018-04-09 18:57:56.867275,UP-NW_UNW647_V1_C,180,41.93648147583008,-87.7016372680664
2018-04-09 18:57:56.889384,NCS_NC115_V1_C,120,41.916473388671875,-87.78025817871094
2018-04-09 18:57:56.910388,BNSF_BN1271_V1_C,60,41.831783294677734,-87.80023193359375
2018-04-09 18:57:56.927435,ME_ME236_V1_C,60,41.67408752441406,-87.64313507080078
2018-04-09 18:57:56.943477,UP-W_UW55_V1_C,60,41.887691497802734,-87.74726867675781
2018-04-09 18:57:56.960572,UP-N_UN349_V1_C,60,41.93722915649414,-87.67359161376953
2018-04-09 18:57:56.978569,UP-N_UN352_V1_C,180,42.13444519042969,-87.75724029541016
2018-04-09 18:57:56.998657,RI_RI617_V1_C,60,41.80336380004883,-87.62864685058594
2018-04-09 18:57:57.018678,RI_RI419_V1_C,120,41.849735260009766,-87.62992095947266
2018-04-09 18:57:57.036804,ME_ME136_V1_C,60,41.496341705322266,-87.7034912109375
2018-04-09 18:57:57.056812,ME_ME709_V1_C,60,41.85334014892578,-87.6176986694336
2018-04-09 18:57:57.078838,BNSF_BN1273_V1_C,120,41.85836410522461,-87.68368530273438
2018-04-09 18:57:57.098889,UP-N_UN351_V1_C,120,41.8867073059082,-87.64060974121094
2018-04-09 18:57:57.119945,ME_ME739_V1_C,0,41.86798095703125,-87.62140655517578
2018-04-09 18:57:57.134987,SWS_SW836_V1_C,0,41.6160774230957,-87.8719482421875
2018-04-09 18:57:57.153063,SWS_SW829_V1_C,120,41.85554122924805,-87.63717651367188
2018-04-09 18:57:57.172115,ME_ME237_V1_C,0,41.868953704833984,-87.6217269897461
2018-04-09 18:57:57.189262,BNSF_BN1275_V1_C,120,41.86040115356445,-87.63890838623047
2018-04-09 18:57:57.207176,BNSF_BN1257_V1_C,360,41.778133392333984,-88.20745849609375
2018-04-09 18:58:55.733320,UP-NW_UNW627_V1_C,0,42.31706619262695,-88.4474868774414
2018-04-09 18:58:55.765236,MD-W_MW2227_V1_C,540,42.05701446533203,-88.2976303100586
2018-04-09 18:58:55.784289,UP-W_UW56_V1_C,0,41.88817596435547,-87.64095306396484
2018-04-09 18:58:55.802334,NCS_NC109_V1_C,240,42.322139739990234,-88.0207290649414
2018-04-09 18:58:55.818378,UP-W_UW45_V1_C,0,41.881675720214844,-88.30635833740234
2018-04-09 18:58:55.835422,MD-N_MN2146_V1_C,360,41.88846206665039,-87.6855239868164
2018-04-09 18:58:55.852540,MD-N_MN2129_V1_C,240,42.33200454711914,-88.03899383544922
2018-04-09 18:58:55.870541,UP-NW_UNW629_V1_C,480,42.14738845825195,-88.12161254882812
2018-04-09 18:58:55.887620,RI_RI611_V1_C,1380,41.671043395996094,-87.67350006103516
2018-04-09 18:58:55.905666,UP-NW_UNW631_V1_C,120,42.22557067871094,-88.27833557128906
2018-04-09 18:58:55.922713,HC_HC917_V1_C,600,41.637725830078125,-88.04931640625
2018-04-09 18:58:55.941733,MD-N_MN2131_V1_C,0,42.286251068115234,-87.9332504272461
2018-04-09 18:58:55.959755,UP-NW_UNW633_V1_C,240,42.11262893676758,-88.04793548583984
2018-04-09 18:58:55.975866,BNSF_BN1253_V1_C,300,41.79561233520508,-88.00914764404297
2018-04-09 18:58:55.993870,MD-W_MW2231_V1_C,180,41.99932098388672,-88.21126556396484
2018-04-09 18:58:56.009952,RI_RI413_V1_C,180,41.51462936401367,-87.96427917480469
2018-04-09 18:58:56.027991,RI_RI303_V1_C,60,41.578224182128906,-87.77760314941406
2018-04-09 18:58:56.045042,MD-W_MW2233_V1_C,60,41.989288330078125,-88.11801147460938
2018-04-09 18:58:56.060019,UP-NW_UNW635_V1_C,180,42.126312255859375,-88.07846069335938
2018-04-09 18:58:56.078087,UP-W_UW47_V1_C,120,41.87115478515625,-88.16181182861328
2018-04-09 18:58:56.094110,SWS_SW825_V1_C,0,41.669761657714844,-87.81966400146484
2018-04-09 18:58:56.112215,RI_RI613_V1_C,540,41.69875717163086,-87.66983032226562
2018-04-09 18:58:56.130210,BNSF_BN1259_V1_C,120,41.78755187988281,-88.1131362915039
2018-04-09 18:58:56.147317,ME_ME705_V1_C,0,41.49742889404297,-87.70309448242188
2018-04-09 18:58:56.165301,NCS_NC118_V2_C,0,42.143226623535156,-87.93006896972656
2018-04-09 18:58:56.182401,UP-N_UN341_V1_C,60,42.22028350830078,-87.82327270507812
2018-04-09 18:58:56.198459,UP-W_UW49_V1_C,120,41.875938415527344,-88.06854248046875
2018-04-09 18:58:56.215492,MD-W_MW2246_V1_C,120,41.96454620361328,-87.98123168945312
2018-04-09 18:58:56.231475,UP-N_UN343_V1_C,240,42.1307487487793,-87.75420379638672
2018-04-09 18:58:56.249656,MD-W_MW2235_V1_C,0,41.97721481323242,-88.04560852050781
2018-04-09 18:58:56.265624,RI_RI415_V1_C,120,41.611236572265625,-87.73030853271484
2018-04-09 18:58:56.283614,ME_ME505_V1_C,180,41.674278259277344,-87.63179779052734
2018-04-09 18:58:56.301665,UP-NW_UNW639_V1_C,180,41.893287658691406,-87.64756774902344
2018-04-09 18:58:56.317706,UP-W_UW51_V1_C,120,41.8964729309082,-87.97652435302734
2018-04-09 18:58:56.334780,BNSF_BN1265_V1_C,180,41.810909271240234,-87.89341735839844
2018-04-09 18:58:56.351798,UP-N_UN345_V1_C,180,42.06912612915039,-87.70250701904297
2018-04-09 18:58:56.368902,SWS_SW827_V1_C,0,41.746463775634766,-87.70684051513672
2018-04-09 18:58:56.383880,MD-N_MN2135_V1_C,180,42.097938537597656,-87.81587219238281
2018-04-09 18:58:56.400985,UP-W_UW53_V1_C,240,41.89015579223633,-87.85513305664062
2018-04-09 18:58:56.419032,RI_RI615_V1_C,360,41.73223876953125,-87.65917205810547
2018-04-09 18:58:56.437067,BNSF_BN1288_V1_C,0,41.795509338378906,-88.01612854003906
2018-04-09 18:58:56.453064,MD-N_MN2148_V1_C,120,41.981407165527344,-87.75724792480469
2018-04-09 18:58:56.467101,RI_RI524_V1_C,0,41.57654571533203,-87.7816390991211
2018-04-09 18:58:56.478164,ME_ME407_V1_C,0,41.762508392333984,-87.56324768066406
2018-04-09 18:58:56.489161,ME_ME334_V1_C,0,41.83143615722656,-87.60719299316406
2018-04-09 18:58:56.501225,UP-N_UN347_V1_C,120,42.04167938232422,-87.68205261230469
2018-04-09 18:58:56.518298,ME_ME707_V1_C,120,41.651126861572266,-87.62091827392578
2018-04-09 18:58:56.535342,UP-N_UN350_V1_C,180,42.047401428222656,-87.68437194824219
2018-04-09 18:58:56.553333,MD-N_MN2137_V1_C,180,42.03903579711914,-87.787109375
2018-04-09 18:58:56.570441,MD-W_MW2237_V1_C,120,41.95174026489258,-87.91397094726562
2018-04-09 18:58:56.586493,ME_ME737_V1_C,120,41.678306579589844,-87.61382293701172
2018-04-09 18:58:56.601490,UP-NW_UNW643_V1_C,0,42.02794647216797,-87.86322784423828
2018-04-09 18:58:56.617504,RI_RI417_V1_C,120,41.65590286254883,-87.67633056640625
2018-04-09 18:58:56.632572,UP-W_UW58_V1_C,0,41.87936019897461,-88.19384765625
2018-04-09 18:58:56.647581,BNSF_BN1269_V1_C,0,41.811187744140625,-87.89187622070312
2018-04-09 18:58:56.665687,ME_ME757_V1_C,0,41.69043731689453,-87.61113739013672
2018-04-09 18:58:56.682734,UP-NW_UNW645_V1_C,60,41.97351837158203,-87.76705932617188
2018-04-09 18:58:56.698793,BNSF_BN1267_V1_C,180,41.79974365234375,-87.94271850585938
2018-04-09 18:58:56.714761,MD-W_MW2239_V1_C,120,41.933082580566406,-87.84552764892578
2018-04-09 18:58:56.729877,HC_HC919_V1_C,0,41.805320739746094,-87.77892303466797
2018-04-09 18:58:56.747878,MD-W_MW2241_V1_C,0,41.91664505004883,-87.774169921875
2018-04-09 18:58:56.763951,ME_ME337_V1_C,120,41.81825637817383,-87.59730529785156
2018-04-09 18:58:56.780938,UP-NW_UNW658_V1_C,120,42.35932159423828,-88.50434112548828
2018-04-09 18:58:56.797040,MD-N_MN2141_V1_C,0,41.93183517456055,-87.73149871826172
2018-04-09 18:58:56.815028,UP-NW_UNW647_V1_C,180,41.93648147583008,-87.7016372680664
2018-04-09 18:58:56.831069,NCS_NC115_V1_C,120,41.916473388671875,-87.78025817871094
2018-04-09 18:58:56.847145,BNSF_BN1271_V1_C,60,41.831783294677734,-87.80023193359375
2018-04-09 18:58:56.864160,ME_ME236_V1_C,60,41.67408752441406,-87.64313507080078
2018-04-09 18:58:56.881235,UP-W_UW55_V1_C,60,41.887691497802734,-87.74726867675781
2018-04-09 18:58:56.897247,UP-N_UN349_V1_C,60,41.93722915649414,-87.67359161376953
2018-04-09 18:58:56.911312,UP-N_UN352_V1_C,180,42.13444519042969,-87.75724029541016
2018-04-09 18:58:56.928330,RI_RI617_V1_C,60,41.80336380004883,-87.62864685058594
2018-04-09 18:58:56.946440,RI_RI419_V1_C,120,41.849735260009766,-87.62992095947266
2018-04-09 18:58:56.962480,ME_ME136_V1_C,60,41.496341705322266,-87.7034912109375
2018-04-09 18:58:56.980539,ME_ME709_V1_C,60,41.85334014892578,-87.6176986694336
2018-04-09 18:58:56.995509,BNSF_BN1273_V1_C,120,41.85836410522461,-87.68368530273438
2018-04-09 18:58:57.010623,UP-N_UN351_V1_C,120,41.8867073059082,-87.64060974121094
2018-04-09 18:58:57.026650,ME_ME739_V1_C,0,41.86798095703125,-87.62140655517578
2018-04-09 18:58:57.044713,SWS_SW836_V1_C,0,41.6160774230957,-87.8719482421875
2018-04-09 18:58:57.062688,SWS_SW829_V1_C,120,41.85554122924805,-87.63717651367188
2018-04-09 18:58:57.079797,ME_ME237_V1_C,0,41.868953704833984,-87.6217269897461
2018-04-09 18:58:57.099817,BNSF_BN1275_V1_C,120,41.86040115356445,-87.63890838623047
2018-04-09 18:58:57.117899,BNSF_BN1257_V1_C,360,41.778133392333984,-88.20745849609375
2018-04-09 18:59:55.734510,UP-NW_UNW627_V1_C,0,42.31706619262695,-88.4474868774414
2018-04-09 18:59:55.753063,MD-W_MW2227_V1_C,540,42.05701446533203,-88.2976303100586
2018-04-09 18:59:55.770112,UP-W_UW56_V1_C,0,41.88817596435547,-87.64095306396484
2018-04-09 18:59:55.788160,NCS_NC109_V1_C,240,42.322139739990234,-88.0207290649414
2018-04-09 18:59:55.804203,UP-W_UW45_V1_C,0,41.881675720214844,-88.30635833740234
2018-04-09 18:59:55.821248,MD-N_MN2146_V1_C,360,41.88846206665039,-87.6855239868164
2018-04-09 18:59:55.837291,MD-N_MN2129_V1_C,240,42.33200454711914,-88.03899383544922
2018-04-09 18:59:55.855342,UP-NW_UNW629_V1_C,480,42.14738845825195,-88.12161254882812
2018-04-09 18:59:55.871384,RI_RI611_V1_C,1380,41.671043395996094,-87.67350006103516
2018-04-09 18:59:55.888430,UP-NW_UNW631_V1_C,120,42.22557067871094,-88.27833557128906
2018-04-09 18:59:55.905475,HC_HC917_V1_C,600,41.637725830078125,-88.04931640625
2018-04-09 18:59:55.920515,MD-N_MN2131_V1_C,0,42.286251068115234,-87.9332504272461
2018-04-09 18:59:55.939065,UP-NW_UNW633_V1_C,240,42.11262893676758,-88.04793548583984
2018-04-09 18:59:55.950595,BNSF_BN1253_V1_C,300,41.79561233520508,-88.00914764404297
2018-04-09 18:59:55.961624,MD-W_MW2231_V1_C,180,41.99932098388672,-88.21126556396484
2018-04-09 18:59:55.977165,RI_RI413_V1_C,180,41.51462936401367,-87.96427917480469
2018-04-09 18:59:55.992205,RI_RI303_V1_C,60,41.578224182128906,-87.77760314941406
2018-04-09 18:59:56.025295,MD-W_MW2233_V1_C,60,41.989288330078125,-88.11801147460938
2018-04-09 18:59:56.043343,UP-NW_UNW635_V1_C,180,42.126312255859375,-88.07846069335938
2018-04-09 18:59:56.067406,UP-W_UW47_V1_C,120,41.87115478515625,-88.16181182861328
2018-04-09 18:59:56.085454,SWS_SW825_V1_C,0,41.669761657714844,-87.81966400146484
2018-04-09 18:59:56.103503,RI_RI613_V1_C,540,41.69875717163086,-87.66983032226562
2018-04-09 18:59:56.131576,BNSF_BN1259_V1_C,120,41.78755187988281,-88.1131362915039
2018-04-09 18:59:56.152132,ME_ME705_V1_C,0,41.49742889404297,-87.70309448242188
2018-04-09 18:59:56.169678,NCS_NC118_V2_C,0,42.143226623535156,-87.93006896972656
2018-04-09 18:59:56.186731,UP-N_UN341_V1_C,60,42.22028350830078,-87.82327270507812
2018-04-09 18:59:56.203268,UP-W_UW49_V1_C,120,41.875938415527344,-88.06854248046875
2018-04-09 18:59:56.218307,MD-W_MW2246_V1_C,120,41.96454620361328,-87.98123168945312
2018-04-09 18:59:56.230339,UP-N_UN343_V1_C,240,42.1307487487793,-87.75420379638672
2018-04-09 18:59:56.245880,MD-W_MW2235_V1_C,0,41.97721481323242,-88.04560852050781
2018-04-09 18:59:56.258413,RI_RI415_V1_C,120,41.611236572265625,-87.73030853271484
2018-04-09 18:59:56.272486,ME_ME505_V1_C,180,41.674278259277344,-87.63179779052734
2018-04-09 18:59:56.282514,UP-NW_UNW639_V1_C,180,41.893287658691406,-87.64756774902344
2018-04-09 18:59:56.295548,UP-W_UW51_V1_C,120,41.8964729309082,-87.97652435302734
2018-04-09 18:59:56.308583,BNSF_BN1265_V1_C,180,41.810909271240234,-87.89341735839844
2018-04-09 18:59:56.319611,UP-N_UN345_V1_C,180,42.06912612915039,-87.70250701904297
2018-04-09 18:59:56.333649,SWS_SW827_V1_C,0,41.746463775634766,-87.70684051513672
2018-04-09 18:59:56.348693,MD-N_MN2135_V1_C,180,42.097938537597656,-87.81587219238281
2018-04-09 18:59:56.362231,UP-W_UW53_V1_C,240,41.89015579223633,-87.85513305664062
2018-04-09 18:59:56.374263,RI_RI615_V1_C,360,41.73223876953125,-87.65917205810547
2018-04-09 18:59:56.387298,BNSF_BN1288_V1_C,0,41.795509338378906,-88.01612854003906
2018-04-09 18:59:56.401335,MD-N_MN2148_V1_C,120,41.981407165527344,-87.75724792480469
2018-04-09 18:59:56.415372,RI_RI524_V1_C,0,41.57654571533203,-87.7816390991211
2018-04-09 18:59:56.429410,ME_ME407_V1_C,0,41.762508392333984,-87.56324768066406
2018-04-09 18:59:56.442445,ME_ME334_V1_C,0,41.83143615722656,-87.60719299316406
2018-04-09 18:59:56.458994,UP-N_UN347_V1_C,120,42.04167938232422,-87.68205261230469
2018-04-09 18:59:56.473538,ME_ME707_V1_C,120,41.651126861572266,-87.62091827392578
2018-04-09 18:59:56.489080,UP-N_UN350_V1_C,180,42.047401428222656,-87.68437194824219
2018-04-09 18:59:56.509638,MD-N_MN2137_V1_C,180,42.03903579711914,-87.787109375
2018-04-09 18:59:56.523674,MD-W_MW2237_V1_C,120,41.95174026489258,-87.91397094726562
2018-04-09 18:59:56.538715,ME_ME737_V1_C,120,41.678306579589844,-87.61382293701172
2018-04-09 18:59:56.551251,UP-NW_UNW643_V1_C,0,42.02794647216797,-87.86322784423828
2018-04-09 18:59:56.564789,RI_RI417_V1_C,120,41.65590286254883,-87.67633056640625
2018-04-09 18:59:56.578827,UP-W_UW58_V1_C,0,41.87936019897461,-88.19384765625
2018-04-09 18:59:56.594870,BNSF_BN1269_V1_C,0,41.811187744140625,-87.89187622070312
2018-04-09 18:59:56.605899,ME_ME757_V1_C,0,41.69043731689453,-87.61113739013672
2018-04-09 18:59:56.620939,UP-NW_UNW645_V1_C,60,41.97351837158203,-87.76705932617188
2018-04-09 18:59:56.635979,BNSF_BN1267_V1_C,180,41.79974365234375,-87.94271850585938
2018-04-09 18:59:56.650019,MD-W_MW2239_V1_C,120,41.933082580566406,-87.84552764892578
2018-04-09 18:59:56.664058,HC_HC919_V1_C,0,41.805320739746094,-87.77892303466797
2018-04-09 18:59:56.676091,MD-W_MW2241_V1_C,0,41.91664505004883,-87.774169921875
2018-04-09 18:59:56.688122,ME_ME337_V1_C,120,41.81825637817383,-87.59730529785156
2018-04-09 18:59:56.701157,UP-NW_UNW658_V1_C,120,42.35932159423828,-88.50434112548828
2018-04-09 18:59:56.712186,MD-N_MN2141_V1_C,0,41.93183517456055,-87.73149871826172
2018-04-09 18:59:56.728228,UP-NW_UNW647_V1_C,180,41.93648147583008,-87.7016372680664
2018-04-09 18:59:56.740262,NCS_NC115_V1_C,120,41.916473388671875,-87.78025817871094
2018-04-09 18:59:56.751812,BNSF_BN1271_V1_C,60,41.831783294677734,-87.80023193359375
2018-04-09 18:59:56.767342,ME_ME236_V1_C,60,41.67408752441406,-87.64313507080078
2018-04-09 18:59:56.778371,UP-W_UW55_V1_C,60,41.887691497802734,-87.74726867675781
2018-04-09 18:59:56.789400,UP-N_UN349_V1_C,60,41.93722915649414,-87.67359161376953
2018-04-09 18:59:56.800430,UP-N_UN352_V1_C,180,42.13444519042969,-87.75724029541016
2018-04-09 18:59:56.811459,RI_RI617_V1_C,60,41.80336380004883,-87.62864685058594
2018-04-09 18:59:56.822488,RI_RI419_V1_C,120,41.849735260009766,-87.62992095947266
2018-04-09 18:59:56.838529,ME_ME136_V1_C,60,41.496341705322266,-87.7034912109375
2018-04-09 18:59:56.855080,ME_ME709_V1_C,60,41.85334014892578,-87.6176986694336
2018-04-09 18:59:56.869116,BNSF_BN1273_V1_C,120,41.85836410522461,-87.68368530273438
2018-04-09 18:59:56.880650,UP-N_UN351_V1_C,120,41.8867073059082,-87.64060974121094
2018-04-09 18:59:56.894689,ME_ME739_V1_C,0,41.86798095703125,-87.62140655517578
2018-04-09 18:59:56.909728,SWS_SW836_V1_C,0,41.6160774230957,-87.8719482421875
2018-04-09 18:59:56.925769,SWS_SW829_V1_C,120,41.85554122924805,-87.63717651367188
2018-04-09 18:59:56.939807,ME_ME237_V1_C,0,41.868953704833984,-87.6217269897461
2018-04-09 18:59:56.952846,BNSF_BN1275_V1_C,120,41.86040115356445,-87.63890838623047
2018-04-09 18:59:56.963397,BNSF_BN1257_V1_C,360,41.778133392333984,-88.20745849609375
